channelId,title,description,publishedAt,subscriberCount,videoCount
UCFMEYTv6N64hIL9FlQ_hxBw,ÄÃ”NG TÃ‚Y PROMOTION OFFICIAL,"ÄÃ´ng TÃ¢y Promotion lÃ  cÃ´ng ty sáº£n xuáº¥t cÃ¡c chÆ°Æ¡ng trÃ¬nh truyá»n hÃ¬nh, quáº£n lÃ½ dá»± Ã¡n vÃ  tá»• chá»©c sá»± kiá»‡n  CÃ´ng ty ÄÃ´ng TÃ¢y Promotion Ä‘áº·t trá»ng tÃ¢m vÃ o cÃ¡c dá»‹ch vá»¥ chÃ­nh yáº¿u bao gá»“m sáº£n xuáº¥t cÃ¡c chÆ°Æ¡ng trÃ¬nh truyá»n hÃ¬nh, quáº£n lÃ½ dá»± Ã¡n vÃ  tá»• chá»©c sá»± kiá»‡n vá»›i cÃ¡c thá»ƒ loáº¡i nhÆ°: TrÃ² chÆ¡i truyá»n hÃ¬nh, truyá»n hÃ¬nh thá»±c táº¿, cÃ¡c chÆ°Æ¡ng trÃ¬nh giáº£i trÃ­ Ã‚m nháº¡c, cÃ¡c sá»± kiá»‡n thá»ƒ thao, cÃ¡c chÆ°Æ¡ng trÃ¬nh táº¡p ká»¹â€¦  ğŸ“£ Subscribe kÃªnh ÄÃ”NG TÃ‚Y PROMOTION OFFICIAL Ä‘á»ƒ khÃ´ng bá» lá»¡ cÃ¡c chÆ°Æ¡ng trÃ¬nh SIÃŠU Háº¤P DáºªN: https://bit.ly/SubDTP  â–º Fanpage: https://www.facebook.com/DongTayPromotion â–ºTáº£i app VieON táº¡i: https://click.vieon.vn/wSBG/ytapp ",9030000
UCljFFNaQoJWeP91Bz4m_3bw,FPT BÃ³ng ÄÃ¡ Viá»‡t,QuÃ½ khÃ¡n giáº£ Ä‘á»«ng quÃªn SUBSCRIBE: https://bit.ly/FPTBongDaViet ---------------------------- ThÆ°á»Ÿng thá»©c cÃ¡c tráº­n cáº§u Ä‘á»‰nh cao táº¡i há»‡ thá»‘ng kÃªnh Youtube cá»§a FPT âš½ FPT BÃ³ng ÄÃ¡: https://bit.ly/FPTBongda âš½ FPT BÃ³ng ÄÃ¡ Viá»‡t: https://bit.ly/FPTBongDaViet âš½ FPT BÃ³ng Rá»•: https://bit.ly/FPTBongro ------------------------------ Â© Báº£n quyá»n thuá»™c vá» FPT BÃ³ng ÄÃ¡ Viá»‡t vÃ  Äá»‘i TÃ¡c Â© Copyright by FPT BÃ³ng ÄÃ¡ Viá»‡t and Partnerâ˜ Do not Reup Â© Copyright all rights reserved ,1160000
UCbkllEQivzBHCkaQX-w4N3Q,BÃ“NG ÄÃ VIá»†T NAM,BÃ³ng Ä‘Ã¡ Viá»‡t Nam - Cáº­p nháº­t Highlights cÃ¡c giáº£i Ä‘áº¥u trong nÆ°á»›c vÃ  quá»‘c táº¿ nhanh nháº¥t sá»›m nháº¥t ğŸ”¥,150000
UChG2EWuXoW7Tgof35WjbsnQ,Vietnam Championship Series - LMHT,Trang thÃ´ng tin chÃ­nh thá»©c vá» cÃ¡c giáº£i Ä‘áº¥u cá»§a bá»™ mÃ´n Thá»ƒ Thao Äiá»‡n Tá»­ LiÃªn Minh Huyá»n Thoáº¡i  https://lolesports.com/ ,485000
UCKl0tA90oEArasOGzp8I41g,TonyTV,Báº¥mğŸ‘ + báº¥m ğŸ”” thÃ´ng bÃ¡o = sá»± Ä‘á»™ng viÃªnğŸ’–,9530000
UCbxWTKqVmD_AMeOIcKFhQ3Q,TV360 Thá»ƒ Thao,"TV360 lÃ  sáº£n pháº©m dá»‹ch vá»¥ cá»§a nhÃ  máº¡ng Viettel. KhÃ¡ch hÃ ng sá»­ dá»¥ng TV360 cÃ³ thá»ƒ xem trá»±c tiáº¿p bÃ³ng Ä‘Ã¡, phim vÃ  TV Show trÃªn Ä‘a ná»n táº£ng, gáº§n 200 kÃªnh truyá»n hÃ¬nh trong nÆ°á»›c, quá»‘c táº¿, hÃ ng chá»¥c nghÃ¬n Video/Phim HD. Mang Ä‘áº¿n tráº£i nghiá»‡m trÃªn nhiá»u thiáº¿t bá»‹, miá»…n phÃ­ data 4G/5G  Viettel.  Táº£i app vÃ  tráº£i nghiá»‡m ngay: http://s.viettel.vn/yt1 LiÃªn há»‡ booking quáº£ng cÃ¡o: 037.967.6666  â–º KÃªnh Youtube Ä‘Æ°á»£c váº­n hÃ nh vÃ  báº£o trá»£ truyá»n thÃ´ng bá»Ÿi Yo Network . Website : https://yonetwork.vn/ ",170000
UCtVt72Xq0qMvRSfyDDiqHhw,MEGA GS MUSIC,"ChÆ°Æ¡ng trÃ¬nh â€œSÃ n Chiáº¿n Giá»ng HÃ¡tâ€ (Singer Auction) do CÃ´ng ty Mega GS Communication phá»‘i há»£p vá»›i ÄÃ i Truyá»n hÃ¬nh Viá»‡t Nam thá»±c hiá»‡n. Báº£n quyá»n chÆ°Æ¡ng trÃ¬nh thuá»™c vá» NBCUniversal International Formats.  - - - - - - - - - - - - - - - - - - - - - - - - - - -  KÃŠNH CHÃNH THá»¨C Cá»¦A MEGA GS MUSIC, áº¤N SUBSCRIBE NGAY Äá»‚ THEO DÃ•I VIDEO Má»šI NHáº¤T! â–º Subscribe: http://popsww.com/megagsmusic â–º Website official: http://megags.vn â–º Fanpage: https://facebook.com/MegaGSEntertainment",1400000
UCvbSpyvK5xS_tXyyW7qXM2w,RUBIK BMT,"-CÃ¢u láº¡c bá»™ Rubik BuÃ´n Ma Thuá»™t Ä‘Æ°á»£c thÃ nh láº­p 6/11/2016 táº¡i thÃ nh phá»‘ BuÃ´n Ma Thuá»™t, tá»‰nh ÄÄƒk LÄƒk  -Táº¥t cáº£ thÃ´ng tin vá» FANPAGE, SHOP... https://manylink.co/@RUBIKBMT  - Contact for work (LiÃªn há»‡ há»£p tÃ¡c): Rubikbmt47@gmail.com ------------------------------------------------------------------------------------------------------------------------------------------------------------------------------------- FOLLOW US ON: - Instagram(ThÃ´ng Nguyá»…n): https://www.instagram.com/rubikbmt/ - Facebook(ThÃ´ng nguyá»…n): https://www.facebook.com/profile.php?id=100009665823378 - Shopee: https://shopee.vn/rubikbmtstore - Fanpage: https://www.facebook.com/rubikbmtstore ",1430000
UCyjEHiz7k315xJkBrFtQViw,Háº¹n HÃ² HoÃ n Má»¹,Háº¹n HÃ² HoÃ n Má»¹ - chuá»—i nhá»¯ng chÆ°Æ¡ng trÃ¬nh háº¹n hÃ² hay nháº¥t Viá»‡t Nam! Lá»›p Há»c HoÃ n Má»¹ lÃ  gameshow giáº£i trÃ­ nÆ¡i cÃ¡c báº¡n nghá»‡ sÄ© hÃ³a thÃ¢n thÃ nh cÃ¡c há»c sinh vÃ  cÃ¡c thÃ nh viÃªn pháº£i hoÃ n thÃ nh nhiá»u nhiá»‡m vá»¥ vÃ  thá»­ thÃ¡ch khÃ¡c nhau Ä‘á»ƒ nháº­n nhá»¯ng pháº§n thÆ°á»Ÿng/hÃ¬nh pháº¡t thÃº vá»‹.  LiÃªn há»‡: 0978105555 Email: vutruhoanmy@gmail.com - henhohoanmy@gmail.com ,820000
UCuNfWyYw1Ws9yzev3k7N3Kg,NhÃ£ BÃ© Báº¯p,"Channel nÃ y sáº½ lÃ  má»™t gÃ³c Ä‘iá»‡n áº£nh nhá» ğŸ nhá»¯ng chiáº¿c video hÃ i hÆ°á»›c, giáº£i trÃ­ ""cháº¥n Ä‘á»™ng bá» há»“"" cá»§a BÃ© Báº¯pâœ¨  Náº¿u anh em tháº¥y thÃº vá»‹ thÃ¬ Ä‘á»«ng quÃªn Ä‘á»ƒ láº¡i 1 like, subcribe & share Ä‘á»ƒ báº¯p cÃ³ thÃªm Ä‘á»™ng lá»±c lÃ m clip nhÃ©! ________________ Â© Má»i váº¥n Ä‘á» vá» báº£n quyá»n vui lÃ²ng liÃªn há»‡: nhabebap2001@gmail.com MÃ¬nh sáº½ giáº£i quyáº¿t nhanh chÃ³ng vÃ  thiá»‡n chÃ­ nháº¥t! Â©For any image and sound copyright issues, please contact us nhabebap2001@gmail.com   ",1420000
UC0qTInmgyYnwWLeCUIde9Cw,Máº¹ HÆ°Æ¡ng HÆ°Æ¡ng,GiÃºp Con DÃ¢u Ä‘Æ°á»£c Chá»“ng thÆ°Æ¡ng Máº¹ Chá»“ng quÃ½ ,981000
UCkna2OcuN1E6u5I8GVtdkOw,Vie Channel ,"Vie Channel lÃ  kÃªnh phÃ¡t sÃ³ng chÃ­nh thá»©c cÃ¡c chÆ°Æ¡ng trÃ¬nh giáº£i trÃ­ Viá»‡t Ä‘Æ°á»£c khÃ¡n giáº£ cáº£ nÆ°á»›c yÃªu thÃ­ch nháº¥t: Rap Viá»‡t, Ca SÄ© Máº·t Náº¡ - The Masked Singer Vietnam, SiÃªu TrÃ­ Tuá»‡, NgÆ°á»i áº¤y LÃ  Ai, Nhanh NhÆ° Chá»›p NhÃ­, Ai LÃ  Sá»‘ 1, Báº¿p Vui BÃ¹ng Vá»‹, Sá»‘ Äá»™c Äáº¯c, Gáº¡o Náº¿p Gáº¡o Táº», Háº£i ÄÆ°á»ng Trong GiÃ³, CÃ´ Tháº¯m Vá» LÃ ng...  Vie Channel cam káº¿t tiáº¿p tá»¥c mang Ä‘áº¿n nhá»¯ng ná»™i dung giáº£i trÃ­ háº¥p dáº«n vÃ  má»›i láº¡ nháº¥t cho khÃ¡n giáº£ truyá»n hÃ¬nh vÃ  khÃ¡n giáº£ online â–º Fanpage: https://www.facebook.com/VieChannelHTV2/ â–º Website: http://viechannel.vn/  Táº£i app VieON táº¡i: https://click.vieon.vn/wSBG/ytapp  LiÃªn Há»‡ TÃ i Trá»£ & Quáº£ng CÃ¡o â–º Hotline: 0907.950.371 (Mr. Äá»©c Khoa) â–º Email: khoa.nguyen@viechannel.vn hoáº·c sales@viechannel.vn  â–º Website: https://vieon.vn/ â–º Fanpage: https://www.facebook.com/vieonofficial/ â–º Tiktok: https://www.tiktok.com/@vieon.official â–º Instagram: https://www.instagram.com/vieon.official/ ",10700000
UCh_zF2FsiCflCPgYDudtcqg,YEAH1 SHOW,"KÃªnh Youtube chÃ­nh thá»©c cá»§a Yeah1 Show thuá»™c quáº£n lÃ½ cá»§a há»‡ thá»‘ng Yeah1 Digital. HÃ£y SUBSCRIBE Ä‘á»ƒ cáº­p nháº­t tin tá»©c & thÃ´ng tin giáº£i trÃ­ má»›i nháº¥t, háº¥p dáº«n nháº¥t nhÃ©! ___________________________________________ Fanpage: https://www.facebook.com/Yeah1Show/ Instagram: https://www.instagram.com/yeah1show TikTok: https://www.tiktok.com/@yeah1.show  LiÃªn há»‡ quáº£ng cÃ¡o: + Email: edigital.booking@yeah1.vn  ",238000
UCPQ_0hRIRH4uz3OORNyBo8Q,Small Family TV, ,1840000
UCm60DH8TdBxuMnknNfkf_nQ,Cubic Billiard - Club báº¥t á»•n,"Äá»‹a chá»‰:  - 1174 ÄÆ°á»ng LÃ¡ng, Äá»‘ng Äa, HÃ  Ná»™i - 87 LÄ©nh Nam (Táº§ng 4 - HH01), HoÃ ng Mai, HÃ  Ná»™i Äáº¿n giao lÆ°u vÃ  á»§ng há»™ chÃºng mÃ¬nh nhÃ©ee  Cáº£m Æ¡n cÃ¡c báº¡n ráº¥t nhiá»u ",268000
UCxD6jhe3ZGshh_c0KAIfWNQ,Ã‰n Fitness,"ğŸ”¹ Xin chÃ o CÃ¡c Báº¡n mÃ¬nh lÃ  Ã‰n Fitness âœ¨ ğŸ”¹Group: NÆ¡i táº­p há»£p nhá»¯ng ngÆ°á»i báº¡n trÃ¢n trá»ng tri thá»©c láº¯ng nghe gÃ³c nhÃ¬n cá»§a nhau ( https://www.facebook.com/groups/302297854738172 ) ğŸ”¹ Náº¿u cÃ¡c báº¡n há»©ng thÃº muá»‘n tÃ¬m hiá»ƒu thÃªm thÃ¬ xin má»i xem cÃ¡c Link phÃ­a dÆ°á»›i nhÃ©              + Facebook: https://www.facebook.com/mchienvinh.2002 ( MÃ¬nh hoáº¡t Ä‘á»™ng chÃ­nh trÃªn nÃ y ğŸ¤ )             + Gmail: mchienvinh@gmail.com (ÄÃ¢y lÃ  nÆ¡i Book Show MC cá»§a mÃ¬nh ğŸ¤)             + Tiktok: Ã‰n Fitness  ( CÃ²n Ä‘Ã¢y lÃ  nÆ¡i kiáº¿m tiá»n cá»§a mÃ¬nh ğŸ’µ )             + Youtube: Ã‰n Fitness  ( VÃ  Ä‘Ã¢y lÃ  nÆ¡i gá»i lÆ°u trá»¯ NHáº¬T KÃ CUá»˜C Äá»œI HIá»‚N VINH ğŸ¤”)             + Profile MC: https://by.com.vn/2S6ftl ( Ä‘Ã¢y lÃ  thÃ´ng tin vá» Nghá» MC cá»§a mÃ¬nh )   ğŸ”¹DONATE: Náº¿u báº¡n cáº£m tháº¥y máº¿n nhá»¯ng gÃ¬ mÃ¬nh táº·ng cho báº¡n , báº¡n cÃ³ thá»ƒ á»§ng há»™ mÃ¬nh:             + Vietcombank: 1016651900 - Tran Hien Vinh - Chi NhÃ¡nh Ká»³ Äá»“ng    Â© Báº£n quyá»n thuá»™c vá» MC Hiá»ƒn Vinh Â© Copyright belongs to MC Hiá»ƒn Vinh & Do not Reup ",399000
UCmgGhZ_OMFGRn5cbfd4Svrw,My Tam,MY TAM OFFICIAL YOUTUBE CHANNEL  Welcome to Má»¹ TÃ¢m's Official YouTube Channel!   ,2390000
UCh6snexfUrSdwKGuiyDSe5g,CiiN BÃ¹i Tháº£o Ly,CiiN BÃ¹i Tháº£o Ly Official Youtube Channel   More information about CiiN (CiiN / BÃ¹i Tháº£o Ly):  â™« Youtube: https://www.youtube.com/@ciinciinciin â™« Facebook: https://www.facebook.com/lyy.ciin â™« Fanpage: https://www.facebook.com/CiiNBuiThaoLy â™« Tiktok:  https://www.tiktok.com/@cciinnn â™« Instagram: https://instagram.com/l.ciin  ğŸŒŸğŸŒŸEmail: ciinciin14111997@gmail.com   Copyright by CiiN Bui Thao Ly. Please do not Reup ,4490000
UCD09NCZlzMj4yGvGkLbuBpw,BÃ¡o Sá»©c khoáº» & Äá»i sá»‘ng,"Trang Youtube chÃ­nh thá»©c cá»§a BÃ¡o Sá»©c khá»e & Äá»i sá»‘ng - CÆ¡ quan ngÃ´n luáº­n cá»§a Bá»™ Y táº¿. ÄÃ¢y lÃ  KÃªnh cung cáº¥p nhá»¯ng thÃ´ng tin chÃ­nh xÃ¡c, tin cáº­y vá» y táº¿ vÃ  chÄƒm sÃ³c sá»©c khoáº»; cÅ©ng nhÆ° cÃ¡c váº¥n Ä‘á» thá»i sá»±, xÃ£ há»™i trong nÆ°á»›c vÃ  trÃªn tháº¿ giá»›i. --------------- BÃ¡o Sá»©c khá»e vÃ  Äá»i sá»‘ng â€“ CÆ¡ quan ngÃ´n luáº­n cá»§a Bá»™ Y táº¿ ğŸ’» BÃ¡o Ä‘iá»‡n tá»­: http://suckhoedoisong.vn/ ğŸ’» FanPage: https://www.facebook.com/baosuckhoevadoisong  ğŸ’»Youtube: https://www.youtube.com/@BaoSuckhoedoisongboyte ğŸ’»Tiktok: https://bit.ly/3hOWND9  #baosuckhoedoisong #skds #boyte ",2490000
UC-B3lKAktiHyLwFv7TRq2xg,Khiáº¿t Äan,KÃªnh xÃ¢y dá»±ng cÃ¡c tÃ¬nh huá»‘ng hÃ  hÆ°á»›c mong muá»‘n sáº½ mang láº¡i nhá»¯ng phÃºt giÃ¢y thÆ° giÃ£n!!  ------- â–º FACEBOOK : https://www.facebook.com/profile.php?id=100019968300767 â–º FANPAGE : https://www.facebook.com/dienvienkhietdan â–º TIKTOK : https://www.tiktok.com/@khietdan0106 â–º INSTAGRAM : khietdan_0106 â–º EMAIL : khietdan.booking@gmail.com â¥ Nháº¥n SUBSCRIBE táº¡i: https://bit.ly/khietdan Love You â™¥ -------- Â© Copyright by Khiáº¿t  Äan â˜ Do not Reup ,220000
UCZcCmWhvK0gfThyWRmRerDQ,CUá»˜C Sá»NG 24H,,4490000
UC8Ku4RXI9q6CSYvZAFEIIeg,MrBB Vlogs,"â–¶ï¸ QuÃ½ vá»‹ á»§ng há»™ kÃªnh MrBB Vlogs xin hÃ£y ÄÄ‚NG KÃ KÃŠNH nha  #mrbbvlogs #mrbb #tintuc #tuthien   KÃªnh MrBB Vlogs lÃ  nÆ¡i Ä‘á»ƒ QuÃ½ vá»‹ Ä‘Æ°á»£c thÃ´ng tin nhá»¯ng Tin Tá»©c & Thiá»‡n Nguyá»‡n - áº¨m Thá»±c ÄÆ°á»ng Phá»‘ - KhÃ¡m PhÃ¡ Äá»i Sá»‘ng - CÃ´ng Ãch & XÃ£ Há»™i. Xin chÃ¢n thÃ nh cáº£m Æ¡n QuÃ½ vá»‹ vÃ  CÃ´ ChÃº Anh Chá»‹ Ä‘Ã£ yÃªu thÃ­ch vÃ  LIKE SHARE video cá»§a BB!  â˜ï¸LiÃªn há»‡ vá»›i MrBB Vlogs qua: Viber & Zalo: 0934762154 Cuá»™c gá»i cá»§a QuÃ½ vá»‹ lÃ  niá»m vinh háº¡nh cá»§a BB.  ----------------------------------------------  Â© Báº£n quyá»n video thuá»™c vá» MrBB Vlogs, vui lÃ²ng khÃ´ng reup! Â© Copyright by MrBB Vlogs â˜ Do not Reup, many thanks! ",383000
UCYFMCOJKeaqJxlFpvzBk1ig,LÃ¢m TV,"â†’ LiÃªn há»‡ Quáº£ng CÃ¡o: ChauNguyen@LamVlog.com (Mrs. ChÃ¢u)  â€”â€”â€”â€”â€”â€”â€”â€”â€”â€”â€”â€”â€”â€”â€”â€”â€”â€”â€”â€”â€”â€”â€”â€”â€”â€”â€”â€”â€”â€”â€”â€”â€”â€”â€”â€”â€”â€”â€”â€”â€”â€”â€”â€”â€”â€”â€”â€”â€”â€”â€”â€”â€”â€”â€”â€”â€”â€”â€”â€”  KÃªnh LÃ¢m TV cá»§a mÃ¬nh sáº½ chuyÃªn lÃ m cÃ¡c video mang tÃ­nh giáº£i trÃ­ nhÆ°: Thá»­ ThÃ¡ch, TrÃ² ChÆ¡i vÃ  lÃ m thá»­ cÃ¡c thá»© má»›i láº¡. CÃ¡c báº¡n hÃ£y nháº¥n Ä‘Äƒng kÃ½ kÃªnh Ä‘á»ƒ á»§ng há»™ cÅ©ng nhÆ° khÃ´ng bá» qua cÃ¡c video má»›i nháº¥t cá»§a mÃ¬nh nhÃ© :D  â†’ Facebook: https://www.facebook.com/vuhuy1990  â†’ Page Facebook: https://www.facebook.com/LamVlog  â†’ Tiktok: https://www.tiktok.com/@lamvlog  â†’ LiÃªn há»‡ Quáº£ng CÃ¡o:  ChauNguyen@LamVlog.com (Mrs. ChÃ¢u) ",3150000
UCSfL291fDipxp_mbKX5ZZ2w,RFA Tiáº¿ng Viá»‡t,"[RFA VIETNAMESE OFFICIAL VIDEO â€“ KÃªnh thÃ´ng tin chÃ­nh thá»©c cá»§a Ä‘Ã i Ã CHÃ‚U Tá»° DO]  ÄÃ i Ã ChÃ¢u Tá»± Do RFA trá»¥ sá»Ÿ táº¡i thá»§ Ä‘Ã´ Washington Hoa Ká»³, cung cáº¥p thÃ´ng tin Ä‘a dáº¡ng, chÃ­nh xÃ¡c, trung thá»±c vá» cÃ¡c váº¥n Ä‘á» thá»i sá»±, kinh táº¿, xÃ£ há»™i, Ä‘á»i sá»‘ng táº¡i Viá»‡t Nam vÃ  trÃªn Tháº¿ Giá»›i.   Theo dÃµi YouTube: http://bit.ly/11PGb33 Facebook:http://on.fb.me/1vFY6qX Twitter: https://twitter.com/DaiAChauTuDo Googe+: http://bit.ly/1yNd1g7 ÄÃ i Ã ChÃ¢u Tá»± Do RFA: http://bit.ly/1uS5BJn",808000
UC74CatIFgb1a1Ff3IUD_f4w,HoÃ ng HÃ´n Official,"MÃ¬nh lÃ  HoÃ ng HÃ´n nÃ¨, pháº£i chiá»u thÃ¬ má»›i cÃ³ Ä‘Æ°á»£c tá»› =)) Má»i ngÆ°á»i Ä‘Äƒng kÃ½ kÃªnh Ä‘á»ƒ cÆ°á»i nhiá»u hÆ¡n vá»›i mÃ¬nh nhaaaa lá»›p diu ğŸ¥°",892000
UCp6PchFsCg582xw6gEjpzVA,BÃ¡o PhÃ¡p Luáº­t TP HCM,KÃªnh Youtube chÃ­nh thá»©c cá»§a Truyá»n hÃ¬nh bÃ¡o PhÃ¡p Luáº­t TP HCM.  * Link:  https://www.youtube.com/channel/UCp6PchFsCg582xw6gEjpzVA?sub_confirmation=1,1070000
UCwn96A46mCiH1caoMhWfyBQ,Äá»— Äáº¡t Official,Xin chÃ o táº¥t cáº£ cÃ¡c báº¡nğŸ˜Š  ÄÃ¢y lÃ  kÃªnh youtube chÃ­nh chá»§ cá»§a mÃ¬nh nha má»i nguá»i  CÃ¡c báº¡n xem video tháº¥y hay thÃ¬ like vÃ  subscribe cho mÃ¬nh nhÃ©  Theo dÃµi Äáº¡t trÃªn: ğŸ”¹ TikTok: https://www.tiktok.com/@datdo0803 ğŸ”¹ Facebook: https://www.facebook.com/dodat0803 ğŸ”¹ Fanpage: https://www.facebook.com/datdo0803 ğŸ”¹ Instagram: https://www.instagram.com/datdo0803/ ğŸ“© Contact for works: dodatofficial@gmail.com  #dodatofficial #dodat #dodattiktok #tiktok #dotiendat #giaitri #haihuoc #shorts  ----------------------/---------------------- Â© Báº£n quyá»n thuá»™c vá» Äá»— Äáº¡t Official Â© Copyright by Äá»— Äáº¡t Official â˜ Do not Reup ,2310000
UC6ik7KPV5oL914e4LkpQMpA,æ¢“ä¿Šä¸å”ä¸‰,"å“ˆå˜ï¼Œæ²¹ç®¡çš„ä¼™ä¼´å€‘å¤§å®¶å¥½ï¼  æˆ‘æ˜¯æ¢“ä¿Šèˆ‡å”ä¸‰ï¼Œæ­£å¼å…¥é§æ²¹ç®¡äº†ï¼  ğŸ‘€ğŸ‘€ğŸ‘€å…¶ä»–é »é“çš†ç‚ºç›œç‰ˆï¼Œæ‰“æ“Šç›œç‰ˆï¼Œå¾æˆ‘åšèµ·~  æ–—ç¾…ç²‰çµ²åƒåƒè¬ï¼Œå”ä¸‰å®¶çš„ä½”ä¸€åŠğŸŒ¹ğŸŒ¹ğŸŒ¹  è£æ‰®æ–—ç¾…å¤§é™¸è§’è‰²ï¼Œä»¥å‹•æ¼«äººè¨­æ¼”ç¹¹ç¾ä»£æç¬‘åŠ‡æƒ…ğŸ‘»ğŸ‘»ğŸ‘»  æ¯å¤©å¸¶çµ¦ä½ å€‘é–‹å¿ƒå¿«æ¨‚ğŸ’–ğŸ’–ğŸ’–  è¶•ç·Šè¨‚é–±ï¼Œå”ä¸‰åœ¨ç­‰ä½ å“¦~ â€”â€”â€”â€”â€”â€”â€”â€”â€”â€”â€”â€”â€”â€”â€”â€”â€”â€”â€”â€”â€”â€”â€”â€”â€”â€”â€”â€”â€”â€”â€”â€” Hello, fellow YouTubers!  I am Zi Jun and Tang San, and I have officially joined YouTube!  ğŸ‘€ğŸ‘€ğŸ‘€Other channels are all pirated. Fighting against piracy starts with me~  There are tens of millions of Douluo fans, half of them are from the Tang San familyğŸŒ¹ğŸŒ¹ğŸŒ¹  Dress up as a Douluo Continent character and interpret modern funny plots with anime charactersğŸ‘»ğŸ‘»ğŸ‘»  Bring you happiness every dayğŸ’–ğŸ’–ğŸ’–  Hurry up and subscribe, Tang San is waiting for you~ ",134000
UCD9CTJiGXnrzGj4Mz7_eRgw,Doge Gaming,ShopRoblox ChÃ­nh HÃ£ng: https://dogeroblox.com/  LiÃªn há»‡ qua fb :https://www.facebook.com/profile.php?id=100035036773689  Email: thatbaji2022@gmail.com  Theo dÃµi mÃ¬nh qua Tiktok:https://www.tiktok.com/@chbla2  ,610000
UC2Lgi2uPsOcCVF3imz7l2mg,Vie GIáº¢ITRÃ,"KÃªnh Vie GIáº¢ITRÃ thuá»™c nhÃ³m kÃªnh giáº£i trÃ­ tá»•ng há»£p cháº¥t lÆ°á»£ng cao cá»§a Truyá»n hÃ¬nh CÃ¡p Viá»‡t Nam, ra Ä‘á»i vá»›i tiÃªu chÃ­ háº¥p dáº«n, má»›i láº¡ vÃ  Ä‘áº·c sáº¯c cá»§a má»™t kÃªnh giáº£i trÃ­ tá»•ng há»£p Ä‘Ã­ch thá»±c, hÆ°á»›ng Ä‘áº¿n khÃ¡n giáº£ trÃªn toÃ n quá»‘c.  Vie GIáº¢ITRÃ lÃ  kÃªnh phÃ¡t sÃ³ng chÃ­nh thá»©c cÃ¡c chÆ°Æ¡ng trÃ¬nh giáº£i trÃ­ Viá»‡t Ä‘Æ°á»£c khÃ¡n giáº£ cáº£ nÆ°á»›c yÃªu thÃ­ch nháº¥t: Rap Viá»‡t, SiÃªu TrÃ­ Tuá»‡, NgÆ°á»i áº¤y LÃ  Ai, Nhanh NhÆ° Chá»›p NhÃ­, Ai LÃ  Sá»‘ 1, Báº¿p Vui BÃ¹ng Vá»‹, Gáº¡o Náº¿p Gáº¡o Táº», Háº£i ÄÆ°á»ng Trong GiÃ³, CÃ´ Tháº¯m Vá» LÃ ng...  Vie GIáº¢ITRÃ cam káº¿t tiáº¿p tá»¥c mang Ä‘áº¿n nhá»¯ng ná»™i dung giáº£i trÃ­ háº¥p dáº«n vÃ  má»›i láº¡ nháº¥t cho khÃ¡n giáº£ truyá»n hÃ¬nh vÃ  khÃ¡n giáº£ online â–º Fanpage: https://www.facebook.com/VieGIAITRI/  Táº£i app VieON táº¡i: https://click.vieon.vn/wSBG/ytapp  Vie GIáº¢ITRÃ hiá»‡n Ä‘ang phÃ¡t sÃ³ng 24/7 trÃªn toÃ n quá»‘c qua Truyá»n hÃ¬nh CÃ¡p Viá»‡t Nam VTVcab, TH cÃ¡p SCTV, TH cÃ¡p HTVC, K+, MyTV vÃ  AVG.  LiÃªn Há»‡ TÃ i Trá»£ & Quáº£ng CÃ¡o â–º Hotline: 0907.950.371 (Mr. Äá»©c Khoa) â–º Email: khoa.nguyen@viechannel.vn hoáº·c sales@viechannel.vn ",2680000
UCOOnw7df5NTnYk5Rjb5Gl1Q,ChÃ¢u Kháº£ Di,MÃª viáº¿t chá»¯ vÃ  yÃªu bÃºn bÃ² ğŸ˜ Chá»— sáº¯m Ä‘á»“ Di xÃ i á»Ÿ Ä‘Ã¢yğŸ‘‡ğŸ» https://chaukhadi.carrd.co  Tiktok: @chaukhadi2107 Instagram: chaukhadi  #chaukhadi #chaukhadi2107 #tipsdecor  MCN Partner: METUB Network  ----------------------------------------------/------------- Â© Báº£n quyá»n thuá»™c vá» ChÃ¢u Kháº£ Di Â© Copyright by ChÃ¢u Kháº£ Di â˜ Do not Reup ,512000
UCkTDUvYWhPaanCn43GA-SCg,ALO Media Entertainment,"ALO Media Entertainment lÃ  kÃªnh thÃ´ng tin tá»•ng há»£p cÃ¡c chÆ°Æ¡ng trÃ¬nh giáº£i trÃ­ cá»§a ALO Media   ğŸ“º CÆ  Há»˜I CHO AI?- WHOSE CHANCE? MÃ™A 5 - ChÆ°Æ¡ng trÃ¬nh truyá»n hÃ¬nh thá»±c táº¿ sá»‘ 1 vá» viá»‡c lÃ m phÃ¡t sÃ³ng vÃ o KHUNG GIá»œ VÃ€NG lÃºc 20:30 thá»© 6 hÃ ng tuáº§n trÃªn VTV3 tá»« 06/10/2023.  â–¶ï¸ Fanpage: https://www.facebook.com/cohoichoaivn â–¶ï¸TikTok: @cohoichoai  â–¶ï¸ Website: http://cohoichoai.com/   ğŸ“º CUá»I TUáº¦N TUYá»†T Vá»œI - Náº¡p nÄƒng lÆ°á»£ng, cáº£ tuáº§n vui phÃ¡t sÃ³ng lÃºc 20h Chá»§ nháº­t hÃ ng tuáº§n trÃªn VTV3  ğŸ‘‰ Theo dÃµi cÃ¡c kÃªnh chÃ­nh thá»©c cá»§a Cuá»‘i Tuáº§n Tuyá»‡t Vá»i â–¶ï¸ Fanpage: https://www.facebook.com/cuoituantuyetvoi â–¶ï¸TikTok: https://www.tiktok.com/@cuoituantuyetvoi   ğŸ“£ Subscribe kÃªnh ALO Media Entertaiment Ä‘á»ƒ khÃ´ng bá» lá»¡ cÃ¡c chÆ°Æ¡ng trÃ¬nh SIÃŠU Háº¤P DáºªN: https://bit.ly/ALOMediaentertaiment    ",189000
UCpoNfKwZbecrcFpzm0ET4uw,BBC News Tiáº¿ng Viá»‡t,"BBC NEWS TIáº¾NG VIá»†T   - Trang thÃ´ng tin Thá»i sá»± xÃ£ há»™i, Trong nÆ°á»›c & Quá»‘c táº¿ Ä‘Æ°á»£c cáº­p nháº­t má»™t cÃ¡ch nhanh nháº¡y, chÃ­nh xÃ¡c, báº¥t thiÃªn vá»‹ báº±ng tiáº¿ng Viá»‡t.  BBC NEWS TIáº¾NG VIá»†T lÃ  thÃ nh viÃªn cá»§a táº­p Ä‘oÃ n truyá»n thÃ´ng lá»›n nháº¥t tháº¿ giá»›i BBC NEWS (UK).  ÄÄƒng kÃ½ theo dÃµi kÃªnh YouTube cá»§a BBC News Tiáº¿ng Viá»‡t Ä‘á»ƒ luÃ´n Ä‘Æ°á»£c cáº­p nháº­t nhá»¯ng video tin tá»©c háº¥p dáº«n vÃ  thÃº vá»‹: https://goo.gl/ZgqA1b  CÃ¡c Ã½ kiáº¿n gÃ³p Ã½ vÃ  Ä‘Ã³ng gÃ³p tin bÃ i, video... Vui lÃ²ng Ä‘á»ƒ láº¡i comment hoáº·c gá»­i vá» email: vietnamese@bbc.co.uk  Äá»«ng quÃªn theo dÃµi cÃ¡c kÃªnh thÃ´ng tin trÃªn máº¡ng xÃ£ há»™i cá»§a BBC News Tiáº¿ng Viá»‡t:    - Website: http://bbcvietnamese.com  - Fanpage: https://www.facebook.com/BBCVietnamese/  - Youtube Channel: https://www.youtube.com/user/BBCVietnamese",1340000
UC9xeuekJd88ku9LDcmGdUOA,Kplus Sports,"K+ Sports lÃ  channel trá»±c thuá»™c CÃ´ng ty Truyá»n hÃ¬nh sá»‘ vá»‡ tinh Viá»‡t Nam (VSTV), chuyÃªn cáº­p nháº­t cÃ¡c thÃ´ng tin má»›i nháº¥t vá» thá»ƒ thao trong nÆ°á»›c vÃ  quá»‘c táº¿.",2710000
UCnbbGVLEKgBnwGxHro0eD1w,Bon Bon Media,Email :mktdfamily@gmail.com,11900000
UCpI7A5Zz-FdH_8TUir2DQ9g,Anh Ba Pháº£i TV,"_ KÃªnh Anh Ba Pháº£i lÃ  má»™t kÃªnh giáº£i trÃ­ hÃ i hÆ°á»›c phÃ¹ há»£p cho cáº£ tráº» em láº«n ngÆ°á»i lá»›n, giÃºp cÃ¡c em nhá» cÃ³ nhá»¯ng trÃ£i nghiá»‡m thá»±c vá» tuá»•i thÆ¡, nhá»¯ng thá»­ thÃ¡ch, sinh tá»“n, sÄƒn báº¯t vÃ  hÃ¡i lÆ°á»£m,cÃ¡c trÃ² chÆ¡i dÃ¢n gian pha cháº¿  thÃªm sá»± sÃ¡ng táº¡o, giÃºp cho cÃ¡c em cÅ©ng nhÆ° ngÆ°á»i xem cÃ³ nhá»¯ng giÃ¢y phÃºt thÆ° giÃ£n, giáº£i trÃ­ sau nhá»¯ng giá» há»c táº­p, lÃ m viá»‡c má»‡t má»i ! _ Má»i ngÆ°á»i hÃ£y ÄÄƒng KÃ½ kÃªnh Anh Ba Pháº£i TV Ä‘á»ƒ giÃºp mÃ¬nh Ä‘áº¡t má»‘c 4.000.000 Sub nhÃ© ! _ LiÃªn há»‡ há»£p tÃ¡c qua Gmail : vanphu18592@gmail.com _ For Chinesse Brand Businuess inquires : vanphu_ydads@163.com ",3960000
UC_Ba9vCsY19LF7-gc46lWQQ,Cosmo Guy,"Hey gamers, my name is Cosmo ğŸ‘‹ I love making short videos and cheering people up =) Subscribe to my channel and let's have fun together!  ğŸ“© Biz: thecosmo.biz@gmail.com ğŸ“© ",7690000
UCPhPBJ3qE719TgLYVcNY8yg,Tiá»n Phong TV,"BÃ¡o Tiá»n Phong thÃ nh láº­p ngÃ y 16/11/1953 táº¡i chiáº¿n khu Viá»‡t Báº¯c. Tiá»n Phong lÃ  má»™t trong nhá»¯ng tá» bÃ¡o chÃ­nh trá»‹, xÃ£ há»™i uy tÃ­n nháº¥t hiá»‡n nay táº¡i Viá»‡t Nam  Äá»“ng hÃ nh cÃ¹ng BÃ¡o Tiá»n Phong táº¡i: - BaÌo TiÃªÌ€n Phong Ä‘iÃªÌ£n tÆ°Ì‰: www.tienphong.vn - ChuyÃªn trang Sinh viÃªn Viá»‡t Nam: https://svvn.tienphong.vn/ - ChuyÃªn trang Hoa Há»c TrÃ²: https://hoahoctro.tienphong.vn/ - ChuyÃªn  trang TÃ¢m Viá»‡t: http://tamviet.tienphong.vn/  TÃ²a soáº¡n: 15 Há»“ XuÃ¢n HÆ°Æ¡ng, HÃ  Ná»™i - Äiá»‡n thoáº¡i: (84-24) 39431250 - Fax: (84-24) 39430693 Email: online@baotienphong.com.vn Hotline: 0865.015.015 - 0977.456.112 Giáº¥y phÃ©p sá»‘ 76/GP-BTTTT, cáº¥p ngÃ y 26/02/2020. CÆ¡ quan chá»§ quáº£n: Trung Æ°Æ¡ng ÄoÃ n TNCS Há»“ ChÃ­ Minh Â© Báº£n quyá»n thuá»™c bÃ¡o Ä‘iá»‡n tá»­ Tiá»n Phong. KhÃ´ng Re-upload dÆ°á»›i má»i hÃ¬nh thá»©c! ",72100
UCWEf5lJDJTmZXnqWnBadi6A,NhÃ¢n BiBi,"NhÃ¢n Bi Bi lÃ  kÃªnh chia sáº» nhá»¯ng video vá» nhiá»u thá»ƒ loáº¡i game, vÃ­ dá»¥ nhÆ° game vui, game hÃ nh Ä‘á»™ng, game báº¯n sÃºng, game tráº» em,game moba, game fps, vÃ  ráº¥t nhiá»u cÃ¡c trÃ² chÆ¡i hay khÃ¡c ná»¯a. CÃ¡c báº¡n hÃ£y áº¥n ÄÄ‚NG KÃ KÃŠNH vÃ  NHáº¤N CHUÃ”NG THÃ”NG BÃO . Äá»ƒ á»§ng há»™ mÃ¬nh vÃ  sá»›m nháº­n Ä‘Æ°á»£c nhá»¯ng video hay cá»§a mÃ¬nh nhÃ© . Xin Cáº£m Æ n  ÄÄƒng kÃ½ kÃªnh vÃ  báº­t thÃ´ng bÃ¡o Ä‘á»ƒ khÃ´ng bá» lá»¡ nhá»¯ng video má»›i nháº¥t nha!  ğŸ¥  ÄÄƒng kÃ½ kÃªnh táº¡i: https://www.youtube.com/@NhanBiBi â–¬â–¬â–¬â–¬â–¬â–¬â–¬â–¬â–¬â–¬â–¬â–¬â–¬â–¬â–¬â–¬â–¬â–¬â–¬â–¬  Theo dÃµi máº¡ng xÃ£ há»™i cá»§a NhÃ¢n Bibi táº¡i:  ğŸ”¹ KÃªnh YouTube: https://www.youtube.com/@NhanBiBi ğŸ”¹ KÃªnh Facebook:  https://www.facebook.com/nhanbibi123/... ğŸ”¹ KÃªnh Tiktok: www.tiktok.com/@nhanbibigame â–¬â–¬â–¬â–¬â–¬â–¬â–¬â–¬â–¬â–¬â–¬â–¬â–¬â–¬â–¬â–¬â–¬â–¬â–¬â–¬  ğŸ”¹ LIÃŠN Há»† QUáº¢NG CÃO (EMAIL) : vannhan6111996@gmail.com â–¬â–¬â–¬â–¬â–¬â–¬â–¬â–¬â–¬â–¬â–¬â–¬â–¬â–¬â–¬â–¬â–¬â–¬â–¬â–¬  #nhÃ¢nbibi #nhanbibi #choochooocharles #tiktok #talkingtom â–¬â–¬â–¬â–¬â–¬â–¬â–¬â–¬â–¬â–¬â–¬â–¬â–¬â–¬â–¬â–¬â–¬â–¬â–¬â–¬  Â© Báº£n quyá»n thuá»™c vá» NhÃ¢n BiBi â˜ KhÃ´ng Ä‘Æ°á»£c REUP ",1020000
UC2fu6CiFfNYz5UFORvFyc0w,Vie Channel - MUSIC,"Vie Channel - MUSIC lÃ  kÃªnh Ã¢m nháº¡c & giáº£i trÃ­ chÃ­nh thá»©c cá»§a Vie Channel - nhÃ  sáº£n xuáº¥t, sá»Ÿ há»¯u vÃ  phÃ¡t sÃ³ng nhá»¯ng chÆ°Æ¡ng trÃ¬nh Ã¢m nháº¡c giáº£i trÃ­ hot nháº¥t Viá»‡t Nam nhÆ°: - The Masked Singer Vietnam 2022 - The Masked Singer Vietnam All-Star Concert 2022 - Rap Viet 2021 - Rap Viet 2020 - Rap Viet All-Star Concert 2021 - ChÆ°Æ¡ng trÃ¬nh Ã¢m nháº¡c vÃ  giáº£i trÃ­ Ä‘Ãªm Giao Thá»«a SÃ³ng 18, SÃ³ng 19, SÃ³ng 20, SÃ³ng 21, SÃ³ng 22, SÃ³ng 23  Táº£i app VieON táº¡i: https://click.vieon.vn/wSBG/ytapp  LiÃªn Há»‡ TÃ i Trá»£ & Quáº£ng CÃ¡o â–º Hotline: 0907.950.371 (Mr. Äá»©c Khoa) â–º Email: khoa.nguyen@viechannel.vn hoáº·c sales@viechannel.vn  â–º Website: https://vieon.vn/ â–º Fanpage: https://www.facebook.com/vieonofficial/ â–º Tiktok: https://www.tiktok.com/@vieon.official â–º Instagram: https://www.instagram.com/vieon.official/ ",261000
UCIg56SgvoZF8Qg0Jx_gh6Pg,ANTV - Truyá»n hÃ¬nh CÃ´ng an NhÃ¢n dÃ¢n,"KÃªnh YouTube chÃ­nh thá»©c cá»§a ANTV - Truyá»n hÃ¬nh CÃ´ng an NhÃ¢n dÃ¢n (cÃ²n gá»i lÃ  kÃªnh An ninh TV), thuá»™c Cá»¥c Truyá»n thÃ´ng CÃ´ng an NhÃ¢n dÃ¢n, Bá»™ CÃ´ng an, Viá»‡t Nam.  ANTV - Truyá»n hÃ¬nh CÃ´ng an NhÃ¢n dÃ¢n lÃ  kÃªnh truyá»n hÃ¬nh thuá»™c Cá»¥c Truyá»n thÃ´ng CÃ´ng an NhÃ¢n dÃ¢n, Bá»™ CÃ´ng an Viá»‡t Nam. ANTV Ä‘Æ°á»£c phÃ¡t sÃ³ng thá»­ nghiá»‡m tá»« 0h ngÃ y 01/12/2011 vÃ  chÃ­nh thá»©c phÃ¡t sÃ³ng tá»« ngÃ y 11 thÃ¡ng 12 nÄƒm 2011. NgÃ y 3 thÃ¡ng 12 nÄƒm 2010, Thá»§ tÆ°á»›ng ChÃ­nh phá»§ Viá»‡t Nam Nguyá»…n Táº¥n DÅ©ng Ä‘Ã£ Ä‘á»“ng Ã½ chá»§ trÆ°Æ¡ng thÃ nh láº­p KÃªnh Truyá»n hÃ¬nh CÃ´ng an NhÃ¢n dÃ¢n.  ""NhÃ¢n vÄƒn, tin cáº­y, ká»‹p thá»i, háº¥p dáº«n"" lÃ  4 tiÃªu chÃ­ mÃ  Trung tÆ°á»›ng, nhÃ  vÄƒn Há»¯u Æ¯á»›c, NguyÃªn Tá»•ng biÃªn táº­p KÃªnh Truyá»n hÃ¬nh ANTV Ä‘Æ°a ra sau khi phÃ¡t sÃ³ng.  #antv #truyenhinhcongannhandan #anninhtv #cuctruyenthongcongannhandan #bocongan",6820000
UCSwvDNqqUsqMhiGwoYKTp5A,ThiÃªn Kim Review,Má»i ngÆ°á»i Ä‘Äƒng kÃ½ kÃªnh Ä‘á»ƒ theo dÃµi nhá»¯ng bá»™ phim ngáº¯n hay nháº¥t cá»§a ThiÃªn Kim Review nhÃ©! ChÃºng mÃ¬nh cáº£m Æ¡n nhiá»u áº¡. ,31400
UCpnQwjzvDm1MOMtZV2zkVpA,LiÃªn QuÃ¢n Mobile eSports-Garena,,4970000
UConnM5zwOP9vG_LPTYbRsAg,LÃ¢m Vlog,"â†’ LiÃªn há»‡ Quáº£ng CÃ¡o: ChauNguyen@LamVlog.com (Mrs. ChÃ¢u)  â€”â€”â€”â€”â€”â€”â€”â€”â€”â€”â€”â€”â€”â€”â€”â€”â€”â€”â€”â€”â€”â€”â€”â€”â€”â€”â€”â€”â€”â€”â€”â€”â€”â€”â€”â€”â€”â€”â€”â€”â€”â€”â€”â€”â€”â€”â€”â€”â€”â€”â€”â€”â€”â€”â€”â€”â€”â€”â€”â€”  KÃªnh cá»§a mÃ¬nh chuyÃªn lÃ m cÃ¡c video mang tÃ­nh giáº£i trÃ­ nhÆ°: TrÃ² chÆ¡i, du lá»‹ch, review, Äƒn uá»‘ng, cháº¿ táº¡o, tráº£i nghiá»‡m, thá»­ nghiá»‡m, thá»­ thÃ¡ch.  â†’ ÄÄƒng kÃ½ kÃªnh Ä‘á»ƒ á»§ng há»™ mÃ¬nh lÃ m thÃªm nhiá»u video nhÃ©: https://goo.gl/M1x1oB (Miá»…n phÃ­)  â†’ Facebook: https://www.facebook.com/vuhuy1990  â†’ Page Facebook: https://www.facebook.com/LamVlog  â†’ Tiktok: https://www.tiktok.com/@lamvlog  â†’ LiÃªn há»‡ Quáº£ng CÃ¡o:  ChauNguyen@LamVlog.com (Mrs. ChÃ¢u)",9960000
UCeYTfGpNCmVhlxjQxBDrGPA,Mr DegrEE,Comedic situations and and MUCH more!,21400000
UCKgALVAg70mbC4SwhkyhvRw,Huyá»n Thoáº¡i Sinh Tá»“n - Free Fire Esports,"KÃªnh eSports chÃ­nh thá»©c cá»§a Garena Free Fire Vietnam. - Giá»¯ báº£n quyá»n phÃ¡t sÃ³ng cá»§a VFL (Vietnam Free Fire League) - giáº£i Ä‘áº¥u Free Fire chuyÃªn nghiá»‡p cáº¥p Ä‘á»™ cao nháº¥t táº¡i Viá»‡t Nam. - PhÃ¡t sÃ³ng nhá»¯ng giáº£i Ä‘áº¥u trong vÃ  ngoÃ i nÆ°á»›c khÃ¡c cá»§a bá»™ mÃ´n Free Fire. - Cáº­p nháº­t cÃ¡c ná»™i dung eSports Ä‘a dáº¡ng, háº¥p dáº«n.  + Fanpage Free Fire Esports: https://www.facebook.com/legendfreefirevn/ + Fanpage Free Fire VN: www.facebook.com/freefirevn/ + Fanpage cá»™ng Ä‘á»“ng Free Fire VN: https://www.facebook.com/congdongfreefirevnOfficial + Tham gia cá»™ng Ä‘á»“ng Free Fire táº¡i: www.facebook.com/groups/FreeFireVietNam/ + Tiktok Free Fire VN: https://www.tiktok.com/@freefirevnofficial + Tiktok Fire Fire Esports: https://www.tiktok.com/@freefireesportsvn ",2050000
UCbEmgeA7bbgsBh2nOErifGw,Happy Hidari,Inspire you to be happy everyday through journaling and self-taught art. ,763000
UCfj-5D-yEQT68XMUHI1NaqQ,Ninh CÃ´ng HoÃ ng,Xin chÃ o tháº¿ giá»›i!  Cáº£m Æ¡n má»i ngÆ°á»i Ä‘Ã£ ghÃ© qua vÃ  thÄƒm thÃº cÃ¡c tÃ¡c pháº©m cá»§a mÃ¬nh ğŸ˜˜ ğŸ˜Š Äá»«ng quÃªn Ä‘Äƒng kÃ½ á»§ng há»™ mÃ¬nh nhaaa: https://www.youtube.com/@hoangcongning  â¥Káº¿t ná»‘i vá»›i mÃ¬nh qua: âœª TikTok: https://www.tiktok.com/@hoangcongning âœª Instagram: https://www.instagram.com/hoangcongning/?hl=vi âœª Facebook: https://www.facebook.com/ninh.conghoang.7 MCN Partner: METUB Network ------------------------ Â© Báº£n quyá»n thuá»™c vá» Ninh CÃ´ng HoÃ ng Â© Copyright by Ninh CÃ´ng HoÃ ng â˜ Do not Reup #shorts #ning #ninhconghoang #hoangninhcong #tiktok #haihuoc  ,404000
UCHFquFKNrfsK8FGa_dbFuNw,MiNi Anti Official,""" Nháº¡c cháº¿ khÃ´ng pháº£i lÃ  Ã¡nh trÄƒng lá»«a dá»‘i "" - MiNi Anti  Xin chÃ o má»i ngÆ°á»i , Ä‘Ã¢y lÃ  Channel chÃ­nh thá»©c cá»§a MiNi Anti . NhÃ³m tá»¥i mÃ¬nh chuyÃªn lÃ m vá» Parody vÃ  nháº¡c cháº¿  Má»i ngÆ°á»i nhá»› subcribe kÃªnh Youtube cá»§a MiNi Anti Ä‘á»ƒ xem nhá»¯ng video má»›i nháº¥t nhÃ©  â–º SUBSCRIBE CHANNEL:https://popsww.com/MiniAntiOfficial â–º FanPage MiNi Anti : https://www.facebook.com/MiNiAnti â–º Email : tieulytkah2@gmail.com",826000
UC0jDoh3tVXCaqJ6oTve8ebA,FAPTV,"FAPTV Ä‘Æ°á»£c thÃ nh láº­p vÃ o ngÃ y 14/02/2014 bá»Ÿi cÃ¡c thÃ nh viÃªn: Äáº¡o diá»…n Tráº§n Äá»©c Viá»…n, Rapper ThÃ¡i VÅ© (Black Bi), AT117 (TÃ i trá»£ vá» thiáº¿t bá»‹) vÃ  ngÆ°á»i máº«u Ribi Sachi vá»›i niá»m Ä‘am mÃª vá» nghá»‡ thuáº­t, mong muá»‘n táº¡o ra Ä‘iá»u khÃ¡c biá»‡t so vá»›i cÃ¡c ná»™i dung video trÃªn cÃ¡c máº¡ng xÃ£ há»™i.  NÄƒm 2014 cÅ©ng lÃ  thá»i Ä‘iá»ƒm máº¡ng xÃ£ há»™i Youtube phÃ¡t triá»ƒn máº¡nh táº¡i Viá»‡t Nam, cÃ¡c tiá»ƒu pháº©m trÃªn kÃªnh FAPTV cá»§a nhÃ³m ban Ä‘áº§u ráº¥t may máº¯n Ä‘Æ°á»£c cá»™ng Ä‘á»“ng máº¡ng Ä‘Ã³n nháº­n, vÃ  tháº­t sá»± táº¡o ra dáº¥u áº¥n riÃªng khi Producer Tráº§n Long, Vinh RÃ¢u cÃ¹ng Huá»³nh PhÆ°Æ¡ng tham gia trong sitcom CÆ¡m Nguá»™i. NhÃ³m hy vá»ng kÃªnh FAPTV lÃ  nÆ¡i má»i ngÆ°á»i cÃ³ thá»ƒ truy cáº­p Ä‘á»ƒ giáº£i trÃ­ sau nhá»¯ng giá» lÃ m viá»‡c Ä‘á»ƒ giáº£i toáº£ nhá»¯ng cÄƒng tháº³ng, má»‡t má»i báº±ng nhá»¯ng tÃ¬nh huá»‘ng hÃ i vá» cÃ¡c cuá»™c sá»‘ng Ä‘á»i thÆ°á»ng Ä‘Æ°á»£c ká»ƒ theo cÃ¡ch riÃªng, dÃ­ dá»m vÃ  hÃ i hÆ°á»›c cá»§a FAPTV.  ",13800000
UCW2VpyLcDYZghyejDI7jzgA,ChÃ­ch Ká»«n Review Phim,,53200
UCtpX-hGGBtH2ZvVX9_5RwFg,Wren Evans Official,That guy you know you saw somewhere cus you recognized his voice.  YouTube channel chÃ­nh thá»©c cá»§a Wren Evans.  It's the official YouTube channel of Wren Evans.   â–ºLiÃªn há»‡/Contact:  Email:  management@monox.asia Instagram: https://www.instagram.com/wrenevans____/ Fanpage: https://www.facebook.com/wren.evans11/  Â© Báº£n quyá»n thuá»™c vá» Wren Evans Official Â© Copyright by Wren Evans Official â˜ Do not Reup,198000
UCsSsgPaZ2GSmO6il8Cb5iGA,DaFuq!?Boom!,"Dafuq!?Boom! (a.k.a. blugray)  Links: Instagram â–º https://www.instagram.com/dafuqboomtv/ Steam â–º https://steamcommunity.com/id/dafuqboom Tiktok â–º none Twitter â–º none  30 MILLION SUBSCRIBERS - 19th September 2023 25 MILLION SUBSCRIBERS - 17th August 2023 20 MILLION SUBSCRIBERS - 18th July 2023 10 MILLION SUBSCRIBERS - 7th June 2023 5 MILLION SUBSCRIBERS - 15th May 2023 1 MILLION SUBSCRIBERS - 5:43 A.M., 23rd November 2021 900k subscribers 4th April 2021 700k subscribers 19th July 2020 200 MILLION VIEWS IN TOTAL - 2nd April 2020 600k subscribers 27th March 2020 500k subscribers 23rd November 2019 100 MILLION VIEWS IN TOTAL  - 12 April 2019 300k subscribers - 27 February 2019 35 million views in total - 08/02/2018 50k subscribers - 12/04/2017 10 million views in total - 11/28/2017 30k subscribers - 08/03/2017 3 million views in total - 07/11/2017 20k subscribers - 07/05/2017 10k subscribers - 05/18/2017 ",35000000
UCEf_Bc-KVd7onSeifS3py9g,SMTOWN,Welcome to SM Entertainment Official YouTube Channel! You can enjoy SM artist's latest videos on SMTOWN Official YouTube Channel.,32200000
UCTdxW3Si8aduSuZbzyR2jlw,Miss Universe,"The Miss Universe Organization exists to advocate for a future forged by women with courage to push the limits of whatâ€™s possible. We believe a confident woman can change the world, and the first step is showing up as your beautifully authentic self.   Miss Universe 2022 is Râ€™Bonney Gabriel from USA!",3000000
UCiLrRPwHWjfHljbV7r-77Ag,Hai bÃ  dÃ  nÃ¨,Hai bÃ  dÃ  chÃ o cáº£ nhÃ aaaa ğŸ‘µğŸ‘µ Cáº£ nhÃ  nhá»› nháº¥n nÃºt ÄÄƒng kÃ½ ğŸ‘ vÃ  báº­t ChuÃ´ng thÃ´ng bÃ¡o ğŸ”” Ä‘á»ƒ khÃ´ng bá» lá»¡ báº¥t ká»³ video má»›i nÃ o cá»§a hai bÃ  nha  Contact: duongngocbaothy1996@gmail.com  #shorts #haibadane #haibagiane #tiktok #tiktokfunny #tiktoktrieuview #tiktoktrend   Â© Báº£n quyá»n thuá»™c vá» Hai bÃ  dÃ  nÃ¨ â˜ Vui lÃ²ng khÃ´ng Ä‘Äƒng táº£i láº¡i dÆ°á»›i má»i hÃ¬nh thá»©c! Â© Copyright by Hai bÃ  dÃ  nÃ¨ â˜ Do not Reup! ,318000
UCMLfVa85wDQATfMqu1-LLTw,Will in Vietnam,"Trá»i Æ¡i Vietnam ! â–º KhÃ¡m phÃ¡ VÄƒn HoÃ¡ - áº¨m Thá»±c - Du Lá»‹ch Viá»‡t Nam vá»›i má»™t ngÆ°á»i nÆ°á»›c ngoÃ i ğŸ˜ â–º Discover the amazing Vietnamese culture seen by a foreigner here in Hanoi and Saigon (food, culture and language)  P/s: Love every little things in Vietnam :p ",991000
UCskoC1mx8DMcGq4_MpeAnzg,DQ Comedy,,211000
UC-eBGSovPQOgmK11tLj_4oA,PHIM Cá»°C NGáº®N,á» Ä‘Ã¢y chÃºng tÃ´i lÃ m phim cá»±c ngáº¯n METAVERSE ENTERTAINMENT anmai.metaverseentertainment@gmail.com ,107000
UCgwkOh8CRaZITUPmF8VMb7A,Scary Short TV,"Welcome to ""Scary Short TV""!  Have a nice time watching video on our channel, where we Scary Teacher funny game/ Game animation video to share them with you guys! . ğŸ’• We love working with Scary Teacher (Nick & Tani), this channel and all of it's videos are ""directed to everyone"" with in the meaning of Title 16 C.F.R. Â§312.2, and are not intended for children under 13 years of age.ğŸ’• Thank you! Â©F Media  ",262000
UC5COGWmYWCPZrsy0THJp4Ng,Tuna Lee,Ba Ä‘á»i nhÃ  tÃ´i lÃ m nháº¡c cháº¿  LiÃªn há»‡ há»£p tÃ¡c / For Business: tunaleeteam@gmail.com  HÃ£y nháº¥n SUBSCRIBE/ÄÄ‚NG KÃ táº¡i http://bit.ly/TunaLeeTV ngay Ä‘á»ƒ theo dÃµi nhá»¯ng video má»›i nháº¥t tá»« Tuna Lee!  â–º YOUTUBE CHANNEL TUNA LEE: https://www.youtube.com/c/TunaLeeTV  â–º FACEBOOK FANPAGE TUNA LEE: https://www.facebook.com/TunaLeeTV â–º INSTAGRAM TUNA LEE: https://www.instagram.com/tunaleene/ â–º TIKTOK TUNA LEE: https://www.tiktok.com/@tunaleene ,2220000
UCMzFGyigts0zrVWJgxG_2CA,Fansie Family,#fansiefamily ÄÄƒng kÃ½ channel Fansie Family Ä‘á»ƒ cáº­p nháº­t nhá»¯ng video má»›i nháº¥t cá»§a chÃºng mÃ¬nh nhÃ©! _______________________________ Káº¿t ná»‘i vá»›i Fansie Family ngay táº¡i Ä‘Ã¢y:  âœ¨ Fanpage Facebook: https://www.facebook.com/FansieFamily âœ¨ Facebook Nguyá»…n Tháº¯ng: https://www.facebook.com/tom.zonson.9 âœ¨ Facebook Minh PhÆ°Æ¡ng: https://www.facebook.com/phuong.mauhihi âœ¨ Instagram cá»§a Fansie: https://www.instagram.com/fansie.m/ âœ¨ Instagram cá»§a Tom: https://www.instagram.com/lf.tom_zonson/?fbclid=IwAR3Y0ZgU9MGMFIG-8mf2wcwor6FI2Z4VhFek7GqMZK_1IdSCIQMRkqeb1VY  âœ¨ TikTok cá»§a chÃºng mÃ¬nh: https://www.tiktok.com/@befansie  _______________________________ â–º Email liÃªn há»‡ há»£p tÃ¡c: fansiefamilytp@gmail.com ** My email to corporate: fansiefamilytp@gmail.com  Â© Báº£n quyá»n thuá»™c vá» Fansie Family Â© Copyright by Fansie Family. Please do not Reup  ,756000
UCe2WErsiKt-qb22nElJC-6Q,Cáº£nh GiÃ¡c,"â€œCáº¢NH GIÃCâ€œ lÃ  kÃªnh táº¡o dá»±ng nhá»¯ng vá»¥ viá»‡c nÃ³ng Ä‘Æ°á»£c dÆ° luáº­n quan tÃ¢m nháº¥t Viá»‡t Nam. Nháº±m giÃºp khÃ¡n giáº£ cÃ³ Ä‘Æ°á»£c cÃ¡i nhÃ¬n toÃ n diá»‡n, nhiá»u gÃ³c cáº¡nh cá»§a cuá»™c sá»‘ng cÃ¹ng nhá»¯ng bÃ¬nh luáº­n chÃ¢n tháº­t. Qua Ä‘Ã³ giÃºp cho quÃ½ vá»‹ cÃ³ nhá»¯ng bÃ i há»c cáº£nh giÃ¡c bá»• Ã­ch sÃ¢u sáº¯c, trÃ¡nh Ä‘á»ƒ xáº£y ra nhá»¯ng trÆ°á»ng há»£p Ä‘Ã¡ng tiáº¿c.   ğŸ‘‰ Theo dÃµi mÃ¬nh thÃªm Ä‘á»ƒ Ä‘Æ°á»£c cáº­p nháº­t tráº¡ng thÃ¡i má»›i nháº¥t nhÃ©!  ğŸ‘‰ Fanpage: www.facebook.com/canhgiac.moli ğŸ‘‰ Youtube: www.youtube.com/c/canhgiac68 ğŸ¤ LiÃªn há»‡ quáº£ng cÃ¡o:  ğŸ“§ Email: booking@molinetwork.com ",33800
UC_STX9XSCdObBUtY-65dw6A,KIáº¾N KHÃ”NG NGá»¦ OFFICIAL,KÃªnh Youtube chÃ­nh thá»©c cá»§a Kiáº¿n KhÃ´ng Ngá»§.  Má»i ngÆ°á»i subscribe Ä‘á»ƒ Ä‘Ã³n xem cÃ¡c video nhÃ©! ğŸ˜   ğŸ”¸ ÄÄƒng kÃ½ kÃªnh táº¡i: https://bit.ly/3ad2GrX  ğŸ”¸ Tiktok: https://www.tiktok.com/@kienkhongngu_official  ğŸ”¸ Facebook: https://www.facebook.com/kienkhongngu.vn  #kienkhongngu #tiktok #comedy #suthat #bian #giaitri #haihuoc  âŒBáº£n quyá»n thuá»™c vá» KIáº¾N KHÃ”NG NGá»¦ OFFICIAL - KhÃ´ng REUP dÆ°á»›i má»i hÃ¬nh thá»©câŒ ,295000
UC4TqyXMCW0c08N7aRfqxq9A,Gin Tuáº¥n Kiá»‡t,ChÃ o má»«ng má»i ngÆ°á»i Ä‘áº¿n vá»›i kÃªnh video chÃ­nh thá»©c cá»§a ca sÄ©- diá»…n viÃªn Gin Tuáº¥n Kiá»‡t.  HÃ£y subcribe Ä‘á»ƒ khÃ´ng bá» lá»¡ báº¥t kÃ¬ sáº£n pháº©m Ã¢m nháº¡c chÃ­nh thá»©c cÅ©ng nhÆ° nhá»¯ng video Ä‘á»i thÆ°á»ng nÃ o cá»§a Gin nhÃ©!  --------------------- ÄÄƒng kÃ½ kÃªnh Ä‘á»ƒ xem nhiá»u video má»›i táº¡i :  http://bit.ly/GinTuanKiet_Youtube Theo dÃµi GIN TUáº¤N KIá»†T trÃªn â–ºFacebook :  https://www.facebook.com/gintuankiet0609 â–ºFANPAGE : https://www.facebook.com/TuanKietOfficial  â–º Full Playlist GIN TUáº¤N KIá»†T :  http://bit.ly/GinTuanKiet_Playlist --------------------- Â© Báº£n quyá»n thuá»™c vá» GIN TUáº¤N KIá»†T Â© Copyright by Gin Tuan Kiet â˜ Do not Reup,771000
UCLJhGM46sgvfUpwXalN-tKg,Há»’ VÄ‚N CÆ¯á»œNG Official,CHÃ€O Má»ªNG Báº N Äáº¾N Vá»šI KÃŠNH YOUTUBE Há»’ VÄ‚N CÆ¯á»œNG Official. CLICK ÄÄ‚NG KÃ & SUBCRIBE Äá»‚ THEO DÃ•I NHá»®NG Sáº¢N PHáº¨M Má»šI NHáº¤T NHÃ‰! ,157000
UCyNhkbys1EjIeRukSM79p0g,TÃ­n Nguyá»…n Official,TÃ­n chÃ¢n thÃ nh cáº£m Æ¡n táº¥t cáº£ má»i ngÆ°á»i Ä‘Ã£ xem video vÃ  chá»n follow kÃªnh TÃ­n nha! Love all  Tiktok: @tin_nguyen_9 Fanpage: 9.tinnguyen ,235000
UC7E8Pnn_Dt9SVpVsE7LDnfw,Yáº¿n Ná»“i CÆ¡m Äiá»‡n,"Xin chÃ o má»i ngÆ°á»i!! MÃ¬nh lÃ  Yáº¿n - má»i ngÆ°á»i hay gá»i mÃ¬nh lÃ  Chá»‹ Yáº¿n Ná»“i CÆ¡m Äiá»‡n lÃ­ do lÃ  vÃ¬ Yáº¿n Ä‘Æ°á»£c biáº¿t Ä‘áº¿n qua trend táº·ng Ná»“i CÆ¡m Äiá»‡n trÆ°á»›c Ä‘Ã³. Cho nÃªn suy nghÄ© láº¥y tÃªn Ä‘Ã³ luÃ´n hÃ­ hÃ­   VÃ  Ä‘Ã¢y lÃ  kÃªnh chÃ­nh thá»©c cá»§a Yáº¿n cÃ¹ng vá»›i nhá»¯ng video xoay quanh chá»§ Ä‘á» vá» cuá»™c sá»‘ng, vui nhá»™n vá»›i nhiá»u Ä‘iá»u háº¥p dáº«n, thÃº vá»‹ !! Má»i ngÆ°á»i nhá»› Ä‘Äƒng kÃ­ Ä‘á»ƒ á»§ng há»™ nhÃ© hihi  LiÃªn Há»‡ Vá»›i TÃ´i Náº¿u CÃ³ Váº¥n Äá» Báº£n Quyá»n: Email: bookingyenncd9319@gmail.com  LiÃªn Há»‡ TÃ i Trá»£, Há»£p TÃ¡c: Email: bookingyenncd9319@gmail.com",1650000
UCgeQezjQQi43YaBFWD5vUyQ,Nghá»‡ An TV,"ÄÃ¢y lÃ  kÃªnh chÃ­nh thá»©c cá»§a ÄÃ i PhÃ¡t thanh - Truyá»n hÃ¬nh Nghá»‡ An trÃªn ná»n táº£ng Youtube. Cáº­p nháº­t nhá»¯ng thÃ´ng tin chÃ­nh thá»‘ng chÃ­nh trá»‹, xÃ£ há»™i, vÄƒn hÃ³a, cÃ¡c chÆ°Æ¡ng trÃ¬nh Ä‘Ã£ phÃ¡t sÃ³ng trÃªn kÃªnh NTV cá»§a ÄÃ i PhÃ¡t thanh - Truyá»n hÃ¬nh Nghá»‡ An. âœ” Äá»‹a chá»‰: Sá»‘ 01, Ä‘Æ°á»ng Nguyá»…n Thá»‹ Minh Khai, ThÃ nh phá»‘ Vinh, tá»‰nh Nghá»‡ An, Viá»‡t Nam âœ” Tel: (+84)2383.844.314 - (+84)2383.844.700  Fax: (+84)2383.844.314 âœ” Website: www.truyenhinhnghean.vn âœ” Email: daiptthnghean@gmail.com âœ” YouTube: https://www.youtube.com/@truyenhinhnghean âœ” YouTube: https://www.youtube.com/@daiptthnghean âœ” YouTube: https://www.youtube.com/@NTVGiaiTriOfficial âœ” Facebook: www.facebook.com/truyenhinhnghean âœ” Facebook: www.facebook.com/ngheantv.fanpage ",1160000
UCir4cu2u6q8vK7hOBNjpGEg,Huy Khang,"Xin chÃ o táº¥t cáº£ cÃ¡c báº¡n, Ä‘Ã¢y lÃ  kÃªnh Youtube chÃ­nh thá»©c cá»§a HUY KHANG  MÃ¬nh chá»‰ dÃ¹ng má»—i kÃªnh Youtube nÃ y thÃ´i, cÃ¡c kÃªnh cÃ²n láº¡i Ä‘á»u lÃ  khÃ´ng pháº£i kÃªnh cá»§a mÃ¬nh. Ráº¥t mong cÃ¡c báº¡n cÃ³ thá»ƒ á»§ng há»™ báº±ng cÃ¡ch Subscribe kÃªnh Youtube nÃ y cá»§a mÃ¬nh nhÃ©! https://bit.ly/huykhangtran0112  MÃ¬nh cáº£m Æ¡n cÃ¡c báº¡n ráº¥t nhiá»u â¤ï¸â¤ï¸â¤ï¸  Nhá»› Follow HUY nha: â–¶ï¸ TikTok: https://www.tiktok.com/@huykhangtran119 â–¶ï¸ Facebook: https://www.facebook.com/huys.khangs â–¶ï¸ Instagram: https://www.instagram.com/kh.hyyy",337000
UCuYBJCZsGBgngbhH_byWggQ,TÃ¹ng Mlem Official,TÃ¹ng Mlem Official chÃ o má»i ngÆ°á»i. KÃªnh mÃ¬nh sáº½ bao gá»“m: 1/ Thá»­ thÃ¡ch Äƒn uá»‘ng theo yÃªu cáº§u icon 2/ Thá»­ thÃ¡ch lÃ m theo trÃªn tiktok 3/ Review Ä‘á»“ Äƒn 4/ Thá»­ thÃ¡ch vá» Ä‘á»“ Äƒn KÃªnh mÃ¬nh sáº½ phÃ¡t triá»ƒn lÃ¢u dÃ i hay khÃ´ng lÃ  do má»i ngÆ°á»i cÃ³ thá»±c sá»± thÃ­ch video cá»§a mÃ¬nh táº¡o ra hay khÃ´ng. Má»i gÃ³p Ã½ vÃ  pháº£n há»“i cá»§a má»i ngÆ°á»i mÃ¬nh luÃ´n nghe theo vÃ  lÃ m tá»‘t hÆ¡n tá»«ng ngÃ y.  Gmail : tungmlem.2k@gmail.com  ,619000
UCfwQLe-WkFENDWo6w4OC1ug,CAFELAND,"CafeLand TV lÃ  kÃªnh YouTube chÃ­nh thá»©c cá»§a ChuyÃªn trang Ä‘áº§u tÆ° báº¥t Ä‘á»™ng sáº£n Cafeland.vn. Má»¥c tiÃªu cá»§a chÃºng tÃ´i lÃ  xÃ¢y dá»±ng cÃ¡c video mang láº¡i cho má»—i ngÆ°á»i dÃ¢n, nhÃ  Ä‘áº§u tÆ° vÃ  doanh nghiá»‡p cÃ¡c thÃ´ng tin, kiáº¿n thá»©c há»¯u Ã­ch má»™t cÃ¡ch nhanh chÃ³ng trong lÄ©nh vá»±c kinh doanh báº¥t Ä‘á»™ng sáº£n. Qua Ä‘Ã³ quÃ½ vá»‹ sáº½ cÃ³ thÃªm cÃ¡c thÃ´ng tin há»¯u Ã­ch phá»¥c vá»¥ cho viá»‡c tÃ¬m hiá»ƒu vÃ  Ä‘áº§u tÆ° trÃªn thá»‹ trÆ°á»ng báº¥t Ä‘á»™ng sáº£n.   NgoÃ i ra, CafeLand TV cÃ²n mang Ä‘áº¿n cho má»i ngÆ°á»i cÃ¡c video vá» cÃ¡c kinh nghiá»‡m, kiáº¿n thá»©c khÃ¡c liÃªn quan Ä‘áº¿n váº¥n Ä‘á» trang trÃ­ nhÃ  cá»­a, lá»±a chá»n phong cÃ¡ch, thiáº¿t bá»‹ cho cÄƒn nhÃ  cá»§a mÃ¬nh. ChÃºng tÃ´i ráº¥t mong nháº­n Ä‘Æ°á»£c sá»± chia sáº», gÃ³p Ã½ cá»§a quÃ½ vá»‹ khi theo dÃµi CafeLand TV Ä‘á»ƒ chÃºng tÃ´i ngÃ y cÃ ng hoÃ n thiá»‡n, nÃ¢ng cao cháº¥t lÆ°á»£ng nháº±m phá»¥c vá»¥ quÃ½ vá»‹ tá»‘t hÆ¡n.   Báº£n quyá»n thuá»™c vá» CAFELAND TV. Cáº¥m Reup vÃ  cáº¯t xÃ©n video, trong má»i trÆ°á»ng há»£p cáº§n pháº£i xin phÃ©p CafeLand TV. LiÃªn há»‡ kÃªnh: Mobile/zalo: 0942.825.711 Email: sales@cafeland.vn Gá»­i cÃ¢u há»i tháº¯c máº¯c cáº§n giáº£i Ä‘Ã¡p vá» mail: tv@cafeland.vn ",673000
UCsYABc3KrwbYb3GHOqJ6wPA,White Toxic,ChÃºng ta sáº½ gáº·p láº¡i nhau á»Ÿ 400k ÄÄƒng kÃ½ nhaâ¤ï¸â€ğŸ”¥ğŸ™†ğŸ»â€â™‚ï¸ Nháº­n Booking á»Ÿ Gmail. Cáº£m Æ¡n táº¥t cáº£ cÃ¡c báº¡n Ä‘Ã£ á»§ng há»™ mÃ¬nhâ¤ï¸nhá»› Follow kÃªnh Ä‘á»ƒ mang láº¡i nhá»¯ng tráº£i nghiá»‡m thÃº vÃ­ cá»§a Video mÃ¬nh sáº£n xuáº¥t nhaaağŸ‡»ğŸ‡³ ChÃ¢n thÃ nh cáº£m Æ¡n táº¥t má»i ngÆ°á»i ráº¥t nhiá»u!!! ,363000
UCaJS_wpJbjS-bMQQff2gf2g,ThÃ¨m BÃ² SÃ¡t,Sá»£ chim vÃ  NuÃ´i Ráº¯n. MÃ¬nh muá»‘n Ä‘i kháº¯p tháº¿ giá»›i chá»‰ Ä‘á»ƒ ngáº¯m nhÃ¬n BÃ² SÃ¡tttt â–¶ï¸ FOLLOW MY INSTAGRAM: @nguoilam.mong â–¶ï¸ FOLLOW MY FANPAGE: https://www.facebook.com/thembosat ,397000
UCuSkK03h80AhO4IkvaSWdow,exlittlebeans,"The world of magic and fairy tales! I am the invincible little bean himself! Thank you all for your love and support. Prohibit the transport of my work, violators will be investigated! Copyright infringement ! ",2990000
UCRR3vpGoVKF3q_vZI7mCfjQ,Marusya Outdoors,ğŸ‘‹Welcome to my adventures!ğŸŒ¤ï¸CampingğŸ•ï¸SurvivağŸª“BushcraftğŸ”ï¸  ,6930000
UC4LvrpNXujjbGOS4RDvr41g,FPT BÃ³ng ÄÃ¡,FPT Play lÃ  Ä‘Æ¡n vá»‹ sá»Ÿ há»¯u toÃ n bá»™ báº£n quyá»n cÃ¡c giáº£i Ä‘áº¥u cáº¥p CLB cá»§a UEFA trong 3 mÃ¹a giáº£i tá»« 2021-2024.   FPT Play - KhÃ´ng giá»›i háº¡n ------------------------------ ThÆ°á»Ÿng thá»©c cÃ¡c tráº­n cáº§u Ä‘á»‰nh cao táº¡i há»‡ thá»‘ng kÃªnh Youtube cá»§a FPT ï¸âš½ FPT BÃ³ng ÄÃ¡: https://bit.ly/FPTBongda âš½ FPT BÃ³ng ÄÃ¡ Viá»‡t: https://bit.ly/FPTBongDaViet âš½ FPT BÃ³ng Rá»•: https://bit.ly/FPTBongro ------------------------------ Â© Báº£n quyá»n thuá»™c vá» FPT BÃ³ng ÄÃ¡ vÃ  Äá»‘i TÃ¡c Â© Copyright by FPT BÃ³ng ÄÃ¡ and Partnerâ˜ Do not Reup Â© Copyright all rights reserved ,1230000
UC5wIXexTJS-sZp0ALjtkPkQ,NguyÃªn HÃ­ Máº¯t To,"LiÃªn há»‡ vá»›i mÃ¬nh qua Zalo nhÃ© :)) FB cá»§a HÃ­  : https://www.facebook.com/tainguyen978 Theo dÃµi page FB : https://www.facebook.com/nguyenhimatto Tiktok : @nguyenhimatto Instagram : @nguyenhi_97 Zalo & SDT & MOMO : 0355295252 ChÃ o m.n Ä‘áº¿n vá»›i kÃªnh cá»§a mÃ¬nh, nhá»› Ä‘Äƒng kÃ½ nhaaaaa.....",204000
UCAGikSCgqbeIXCvoXixWovQ,Khoa Pug,"Booking: khoapug.booking@gmail.com (24/7) - Nháº­n booking cÃ¡c nhÃ£n hÃ ng, sáº£n pháº©m, nhÃ  hÃ ng, hotel, resortâ€¦Ä‘á»§ cÃ¡c thá»ƒ loáº¡i.   - Fanpage : https://www.facebook.com/khoapugoffical/ - Facebook: https://www.facebook.com/pugk.youtube Â© Copyright by Khoa Pug. â˜ Do not Reup.  * When You Write The Story of Your Life, Don't Let Anyone else Hold The Pen. Live A Life You Will Remember.",4600000
UCN0ZqGH6bK0Q4rfbRkhPA-A,Vua Phim Review,"Vua phim review lÃ  kÃªnh youtube review phim vÃ  tÃ³m táº¯t phim lÃ´i cuá»‘n háº¥p dáº«n . Ä‘á»™i ngÅ© lÃ m viá»‡c chuyÃªn nghiá»‡p Ä‘áº·t sá»± sÃ¡ng táº¡o lÃªn hÃ ng Ä‘áº§u . chÃºng tÃ´i luÃ´n mang Ä‘áº¿n tin tá»©c vá» nhá»¯ng bá»™ phim má»›i nháº¥t . review nhá»¯ng bá»™ phim hay nháº¥t Ä‘áº¿n cho khÃ¡n giáº£ . niá»m vui cá»§a khÃ¡n giáº£ chÃ­nh lÃ  niá»m háº¡nh phÃºc cá»§a team vua phim. chÃºc má»i ngÆ°á»i sáº½ luÃ´n cÃ³ nhá»¯ng phÃºt giÃ¢y vui váº» khi xem video trÃªn kÃªnh vua phim review nhÃ©, hihi  liÃªn há»‡ quáº£ng cÃ¡o: vuaphimreview@gmail.com ",1250000
UCsuR30z1rzuX3pEu22sDMqA,Vua Phim,Tá»•ng Há»£p Phim Hay Äáº·c Sáº¯c !  Link Tuyá»ƒn Chá»n CÃ¡c Bá»™ Phim Äáº·c Sáº¯c Hay Nháº¥t Má»i Thá»i Äáº¡i :  â¥ CÃ¡c Phim Chiáº¿u Ráº¡p Hay Nháº¥t :  https://www.youtube.com/watch?v=2mSbv4uR85o&list=PLNGIrS8ceJ22XWBuIpVbe1edWGppcfX0V  â¥ CÃ¡c Phim Chiáº¿u Ráº¡p Hay Nháº¥t :  https://www.youtube.com/watch?v=2mSbv4uR85o&list=PLNGIrS8ceJ22XWBuIpVbe1edWGppcfX0V  Â© Báº£n quyá»n thuá»™c vá» Vua Phim Chanel  Â© Copyright by Vua Phim Chanel â˜ Do not Reup ,426000
UCJS9YotMKGn4cnvA-SHATng,Phim Bá»™ Viá»‡t Nam,"PHIM Bá»˜ VIá»†T NAM - KÃªnh Giáº£i TrÃ­ thuáº§n phim Viá»‡t dÃ nh cho má»i gia Ä‘Ã¬nh vá»›i nhá»¯ng bá»™ phim truyá»n hÃ¬nh Ä‘áº·c sáº¯c Ä‘Ã£ Ä‘Æ°á»£c phÃ¡t trÃªn sÃ³ng Truyá»n HÃ¬nh VÄ©nh Long á»Ÿ nhiá»u thá»ƒ loáº¡i: tÃ¬nh cáº£m lÃ£ng máº¡n, tÃ¢m lÃ½ xÃ£ há»™i, hÃ nh Ä‘á»™ng, hÃ i, cá»• trang, kinh dá»‹. â–º CÃ¡c bá»™ phim Ä‘áº·c sáº¯c do ÄÃ i PhÃ¡t Thanh Truyá»n HÃ¬nh VÄ©nh Long giá»¯ báº£n quyá»n vÃ  phÃ¡t hÃ nh dÆ°á»›i má»i hÃ¬nh thá»©c trÃªn toÃ n lÃ£nh thá»• Viá»‡t Nam vÃ  trÃªn cÃ¡c háº¡ táº§ng internet.  â–º KhÃ´ng Ä‘Æ°á»£c Ä‘Äƒng táº£i láº¡i dÆ°á»›i báº¥t ká»³ hÃ¬nh thá»©c nÃ o náº¿u chÆ°a cÃ³ sá»± cho phÃ©p cá»§a ÄÃ i PhÃ¡t Thanh Truyá»n HÃ¬nh VÄ©nh Long .  KÃªnh YouTube PHIM Bá»˜ VIá»†T NAM thuá»™c há»‡ thá»‘ng cÃ¡c KÃªnh Youtube cá»§a ÄÃ i PhÃ¡t Thanh Truyá»n hÃ¬nh VÄ©nh Long giá»›i thiá»‡u nhá»¯ng bá»™ phim truyá»n hÃ¬nh Ä‘Ã£ phÃ¡t sÃ³ng cÃ³ báº£n quyá»n cá»§a ÄÃ i PhÃ¡t Thanh Truyá»n hÃ¬nh VÄ©nh Long. LiÃªn há»‡: ÄÃ i PhÃ¡t Thanh Truyá»n HÃ¬nh VÄ©nh Long  sá»‘ 50, Pháº¡m ThÃ¡i BÆ°á»ng,  P4, TP VÄ©nh Long, Tá»‰nh VÄ©nh Long  Äiá»‡n thoáº¡i: 0270.3822345 Fax: 0270. 3827194  Email : banbientap@thvl.vn  Website: http://www.thvl.vn/  http://www.thvli.vn  Facebook: facebook.com/VinhLongTV ",540000
UCrj5BGAhtWxDfqbza9T9hqA,AlHadath Ø§Ù„Ø­Ø¯Ø«,Ø´Ø¨ÙƒØ© Ø§Ù„Ø¹Ø±Ø¨ÙŠØ© Ù…Ø³Ø¬Ù„Ø© ØªØ­Øª Ø§Ø³Ù… Middle East News FZ-LLC Ù…ÙŠØ¯Ù„ Ø§ÙŠØ³Øª Ù†ÙŠÙˆØ² Ù…Ù†Ø·Ù‚Ø© Ø­Ø±Ø©-Ø°.Ù….Ù…,5010000
UC0IpGYsi1KVorZ7QVCHfdag,Binz Da Poet,"Binz (24/05/1988) - ca sÄ©/nháº¡c sÄ©/rapper/producer. Anh há»c táº­p táº¡i trÆ°á»ng Äáº¡i há»c The Art Institute á»Ÿ Má»¹ vÃ  khi trá»Ÿ vá» Viá»‡t Nam, anh gia nháº­p SpaceSpeakers. Vá»›i cháº¥t giá»ng cÃ¡ tÃ­nh, cháº¥t rap riÃªng biá»‡t vÃ  ca tá»« phong phÃº, Binz nhanh chÃ³ng gÃ¢y áº¥n tÆ°á»£ng máº¡nh vá»›i cÃ´ng chÃºng qua loáº¡t ca khÃºc: They said, Krazy,Â  Gene, So far, Okâ€¦Anh cÅ©ng lÃ  1 trong nhá»¯ng rapper hiáº¿m hoi cÃ³ sá»± káº¿t há»£p cÃ¹ng cÃ¡c nghá»‡ sÄ© Ä‘Ã¬nh Ä‘Ã¡m nhÆ° Má»¹ TÃ¢m, HoÃ ng Thuá»³ Linhâ€¦NgoÃ i ra, nhá»¯ng sáº£n pháº©m káº¿t há»£p giá»¯a â€œnhÃ  thÆ¡â€ Binz vÃ  â€œphÃ¹ thuá»· Ã¢m nháº¡câ€ Touliver luÃ´n trá»Ÿ thÃ nh tÃ¢m Ä‘iá»ƒm, gÃ¢y dáº¥u áº¥n máº¡nh máº½ trong cá»™ng Ä‘á»“ng Ã¢m nháº¡c Viá»‡t Nam.Â Â  Â  NÄƒm 2018, Binz Ä‘Æ°á»£c Ä‘á» cá»­ â€œNam ca sÄ© Ä‘Æ°á»£c yÃªu thÃ­ch nháº¥tâ€ vÃ  â€œCa khÃºc Rap, Hip Hop, R&Bâ€ cá»§a Keeng Young Awards. NÄƒm 2019, Binz Ä‘Æ°á»£c Ä‘á» cá»­ táº¡i háº¡ng má»¥c Nam ca sÄ© phong cÃ¡ch nháº¥t cá»§a nÄƒm táº¡i Elle Style Awards. Cuá»‘i nÄƒm 2019, Binz giá»¯ vai trÃ² giÃ¡m kháº£o cuá»™c thi Beck Stage Battle Rap. Â  Contact: Email: booking@spacespeakers.vn Phone: +84923629838",1830000
UCLa90xY6l4sEY1sC3tlwGGA,KARIK,"ChaÌ€o Ä‘oÌn caÌc baÌ£n Ä‘ÃªÌn vÆ¡Ìi kÃªnh Youtube cuÌ‰a Karik, hy voÌ£ng caÌc baÌ£n seÌƒ enjoy  vÆ¡Ìi nhÆ°Ìƒng giÌ€ maÌ€ Karik mang Ä‘ÃªÌn cho moÌ£i ngÆ°Æ¡Ì€i.  ÄÃ‚Y LAÌ€ KARIK.",1410000
UCJSagsGX4aEwIejLp_9NkbA,Nguyá»…n Tráº§n Trung QuÃ¢n,"ÄÃ¢y lÃ  kÃªnh YouTube chÃ­nh thá»©c cá»§a ca sÄ© Nguyá»…n Tráº§n Trung QuÃ¢n. Táº¡i Ä‘Ã¢y, chÃºng ta vÃ  táº¥t cáº£ nhá»¯ng ngÆ°á»i yÃªu Ã¢m nháº¡c, Ä‘á»u lÃ  nhá»¯ng ngÆ°á»i báº¡n. Ã‚m nháº¡c káº¿t ná»‘i tÃ¢m há»“n, khiáº¿n má»i ngÆ°á»i gáº§n láº¡i vá»›i nhau. Táº¥t cáº£ nhá»¯ng ai yÃªu Ã¢m nháº¡c, yÃªu nghá»‡ thuáº­t Ä‘á»u Ä‘Æ°á»£c chÃ o Ä‘Ã³n.   ğŸ“¨ trungquannguyentran@gmail.com  Telegram: https://t.me/nguyentrantrungquan  â–ºÄÄƒng kÃ½ kÃªnh Ä‘á»ƒ xem nhiá»u video má»›i táº¡i: http://bit.ly/NguyenTranTrungQuan_YTBâ—€  Welcome to Nguyen Tran Trung Quan space  A place for connecting and sharing ğŸŒŸ YOUTUBE: http://bit.ly/NguyenTranTrungQuan_YTB ğŸŒŸ FACEBOOK: https://www.facebook.com/trungquan.nguyentran ğŸŒŸ FANPAGE: https://www.facebook.com/nttqofficial/ ğŸŒŸ INSTAGRAM: https://www.instagram.com/nguyentrantrungquan/ ğŸŒŸ VLIVE: https://channels.vlive.tv/AA1AA3/home ğŸŒŸ TIKTOK: https://www.tiktok.com/@nttquan ğŸŒŸ FANGROUP LIGHTER: https://www.facebook.com/groups/lighterofficial ---------------- Â© Báº£n quyá»n thuá»™c vá» Nguyá»…n Tráº§n Trung QuÃ¢n Â© Copyright by Nguyen Tran Trung Quan â˜ Do not Reup",879000
UCjoAIOyTWjGjP_Q-qw3jkhQ,ThiÃªn An Official,"  Nháº¥n ÄÄƒng KÃ½ giÃºp An sá»›m Ä‘áº¡t 5 triá»‡u subscribers nhaaaaaa - Fanpage cá»§a An : https://www.facebook.com/thienan.official/ - Facebook cÃ¡ nhÃ¢n An : https://www.facebook.com/ThienAn.Youtuber - Facebook Group cá»§a An & cÃ¡c fan  : https://www.facebook.com/groups/ThienAnCung/ - Tiktok cá»§a An : https://www.tiktok.com/@thienanofficial/   - Contact for Sponsor  : maptvteam@gmail.com   For booking  : Ms. Thanh - 0943882902  An lÃ m clip cá»±c láº¯m nÃªn Ä‘á»«ng Re-Up tá»™i nghiá»‡p An, váº­y An máº¥t Ä‘á»™ng lá»±c lÃ m clip láº¯m báº¡n nha.  Má»i váº¥n Ä‘á» liÃªn quan báº£n quyá»n vui lÃ²ng gá»Ÿi mail : maptvteam@gmail.com nha. An sáº½ pháº£n há»“i sá»›m thÃ´i ",4180000
UChGncdgzOKmp5XQTnQa2h4w,2 NGÃ€Y 1 ÄÃŠM VIETNAM,"â›º #2NgÃ y1ÄÃªm lÃ  má»™t chÆ°Æ¡ng trÃ¬nh truyá»n hÃ¬nh thá»±c táº¿ â€“ táº¡p kÄ©, nÆ¡i cÃ¡c nghá»‡ sÄ© cÃ³ nhá»¯ng chuyáº¿n Ä‘i trong vÃ²ng #2Ngay1Dem Ä‘áº¿n nhiá»u vÃ¹ng miá»n khÃ¡c nhau kháº¯p cáº£ nÆ°á»›c. CÃ¡c thÃ nh viÃªn pháº£i hoÃ n thÃ nh nhiá»u nhiá»‡m vá»¥ vÃ  thá»­ thÃ¡ch khÃ¡c nhau Ä‘á»ƒ nháº­n nhá»¯ng pháº§n thÆ°á»Ÿng/hÃ¬nh pháº¡t thÃº vá»‹.  Â©ï¸ 2 NgÃ y 1 ÄÃªm Viá»‡t Nam thuá»™c sá»Ÿ há»¯u cá»§a Dong Tay Promotion vÃ  Ä‘Æ°á»£c báº£o vá»‡ báº£n quyá»n bá»Ÿi Vie Network.  Táº£i app VieON táº¡i: https://click.vieon.vn/wSBG/ytapp  ğŸ‘‰ Theo dÃµi cÃ¡c kÃªnh chÃ­nh thá»©c cá»§a 2 NgÃ y 1 ÄÃªm Vietnam: â–º Youtube: https://www.youtube.com/channel/UChGncdgzOKmp5XQTnQa2h4w â–º Fanpage: https://www.facebook.com/2Ngay1DemVietNam.DongTay â–º Instagram: https://www.instagram.com/2days1nightvietnamofficial/ â–º TikTok: https://www.tiktok.com/@2ngay1demvietnam  ",767000
UC6UrwtJjV4xPxxZo-ZEpQYA,W/n,â–º SUBSCRIBE CHANNEL:  https://wn.fanlink.to/youtube  W/n  â€¢ Fanpage: https://wn.fanlink.to/fanpage_winhmm â€¢ Facebook: https://wn.fanlink.to/fb_winhmm â€¢ Instagram: https://wn.fanlink.to/instagram_winhmm â€¢ SoundCloud: https://wn.fanlink.to/soundcloud_winhmm â€¢ Spotify: https://wn.fanlink.to/spotify_winhmm â€¢ Apple Music: https://wn.fanlink.to/AppleMusic_winhmm â€¢ TikTok: https://www.tiktok.com/@wn0000  ğŸ¹ğŸ§ğŸµ DJ/Music Producer/Composer Contact my manager : haidang.dien@riox.network  -- Â© Báº£n quyá»n thuá»™c vá» W/n Â© Copyright by W/n â˜ Do not Reup  ,905000
UC3IZKseVpdzPSBaWxBxundA,HYBE LABELS,"Welcome to the official YouTube channel of HYBE, the content hub for BIGHIT MUSIC, BELIFT LAB, SOURCE MUSIC, PLEDIS Entertainment, KOZ ENTERTAINMENT, ADOR and more.",73400000
UC2k3OPgIJWjp63Y2hrxdHHA,Miu LÃª Official,ÄÃ¢y lÃ  KÃªnh ChÃ­nh Thá»©c Miu LÃª . CÃ¡c báº¡n hÃ£y cÃ¹ng Ä‘Äƒng kÃ½ Ä‘á»ƒ theo dÃµi nhÃ©.,557000
UCZRWf-SUOu4c8FSq2ezH-Zw,Bon Bon TV,mktdfamily@gmail.com,1730000
UC475tLo6Mop8IYXgvdnJy8w,Phim NgÃ´n TÃ¬nh Tv,"ChÃ o má»«ng báº¡n Ä‘áº¿n vá»›i Review phim hay. NÆ¡i tá»•ng há»£p nhá»¯ng bá»™ phim review Ä‘á»‰nh cá»§a chÃ³p. Tháº» Tag: Review phim, review phim hay, phim hanh dong, tÃ³m táº¯t phim, review phim nhanh, review phim hÃ i, tÃ³m táº¯t phim hÃ i, vua phim hay, review phim anime, review phim hÃ nh Ä‘á»™ng, review phim hÃ n quá»‘c, review tÃ³m táº¯t phim, tom tat phim, review anime, tÃ³m táº¯t anime, phim hÃ nh Ä‘á»™ng, phim hanh dong vo thuat, Vua phim má»›i ... Cáº£m Æ¡n cÃ¡c báº¡n Ä‘Ã£ theo dÃµi vÃ  á»§ng há»™ kÃªnh!  ",102000
UC5fsYtWjjzy8D13cn4UKVMQ,Gáº¥u Äá» TV  & Family,"Xin chÃ o cÃ¡c báº¡n ! Cáº£m Æ¡n cÃ¡c báº¡n xem kÃªnh cá»§a Gáº¥u Äá» KÃªnh cá»§a mÃ¬nh sáº½ lÃ m táº¥t cáº£ cÃ¡c video nhÆ° thá»­ thÃ¡ch, Vlog, DIY VÃ  ráº¥t sáºµn sÃ ng lÃ m báº¥t cá»© video nÃ o náº¿u cÃ¡c báº¡n yÃªu cáº§u vÃ  mÃ¬nh tháº¥y phÃ¹ há»£p.",798000
UCDt2sv8-Uw3ziTy2G7Bjktw,BÃ¡ch Khá»‰,Náº¿u báº¡n thÃ­ch Äƒn chuá»‘i thÃ¬ hÃ£y xem video cá»§a tÃ´i,262000
UCzgN9ZHWGlyk23LysJskf9Q,Viá»‡t Tiger ï¼¶ï¼±ï¼£,"HÃ­ anh em ! mÃ¬nh lÃ  Viá»‡t thÃ­ch chá»£p máº¯t vÃ  ghÃ©t Äƒn chuá»‘i  HÃ£y xem báº±ng cáº£m xÃºc tÃ­ch cá»±c nháº¥t cá»§a mÃ¬nh!  MÃ¬nh Live Stream lÃºc 9h SÃ¡ng NhÃ© CÃ¡c Báº¡n  Viá»‡t luÃ´n Ä‘Ã³n nháº­n sá»± Ä‘Ã³ng gÃ³p tá»« khÃ¡n giáº£ Ä‘á»ƒ xÃ¢y dá»±ng má»™t kÃªnh há»¯u Ã­ch cho má»i ngÆ°á»i   HÃ£y like,chia sáº» náº¿u tháº¥y nhá»¯ng video,clip hay mÃ¬nh xin chÃ¢n thÃ nh cáº£m Æ¡n.   -TrÃ¢n trá»ng  Admin Viá»‡t Tiger VQC TÃ¡i phÃ­m !!!",169000
UCAzZdEu3MjJ7kdJD-u2083Q,PhÆ°á»›c Lá»™c Gaming,KÃªnh YouTube chÃ­nh thá»©c cá»§a PhÆ°á»›c Lá»™c Gaming  â–¶ Facebook CÃ¡ NhÃ¢n : https://www.facebook.com/thangnhangheodaythamvong333/ â–¶ Tik Tok: https://www.tiktok.com/@phuocloc25_01 â–¶ Email LiÃªn Há»‡ :  -------------------------/------------------------- Â© Báº£n quyá»n thuá»™c vá» PhÆ°á»›c Lá»™c GamingÂ© Â© Copyright by PhÆ°á»›c Lá»™c Gaming Â© ,1280000
UCfDrdfgDyeF_h3Y8klV0e0w,Há»“ng Ka vlogs,"Há»“ng Ka vlogs xin kÃ­nh ChÃ o quÃ½ khÃ¡n thÃ­n giáº£ trong vÃ  ngoÃ i nÆ°á»›c. ChÃ¢n thÃ nh cáº£m Æ¡n quÃ½ vá»‹ Ä‘Ã£ xem kÃªnh youtube do Há»“ng Ka thá»±c hiá»‡n. KÃªnh chuyÃªn thá»±c hiá»‡n cÃ¡c chá»§ Ä‘á» nhÆ°, Ä‘á»™c láº¡. .Thiá»‡n Nguyá»‡n. Chia sáº½ cuá»™c sá»‘ng thÆ°á»ng ngÃ y cá»§a ngÆ°á»i Miá»n TÃ¢y. ğŸ˜ Má»i Ã½ kiáº¿n Ä‘Ã³ng gÃ³p xin ghi nháº­n ğŸ˜ğŸ˜ğŸ˜Má»i chi tiáº¿t vui lÃ²ng nháº¯n tin Zalo & Viber 0972325475. nhá»› like hoáº·c  ÄÄ‚NG KÃ KÃŠNH HOÃ€N TOÃ€N MIá»„N PHÃ á»¦NG Há»˜ MÃŒNH NHÃ‰  https://youtube.com/@Hongkavlogs?si=a08dnu-l_vYyrxvl -------------------------------------------- Official Facebook partner manager: copyright@megacreative.network  ",88600
UCPhHBEtG6dVZ5fJKoNArcJw,ìŠ¹ë¹„ë‹ˆ Seungbini,ì œ ìœ íŠœë¸Œ ì±„ë„ì— ì™€ì£¼ì…”ì„œ ê°ì‚¬í•©ë‹ˆë‹¤ğŸ’™ â±ì—…ë¡œë“œ ì‹œê°„ : ë§¤ì¼ ì˜¤í›„ 7ì‹œ !!â± ì¸ìŠ¤íƒ€ ê·¸ë¨ : seu_ngbean  ì»¨í… ë©”ì¼ : ğŸ’Œseungbini@sandboxnetwork.net  ,16300000
UCYd8eNMptkrGQs5F1JFHgMA,Báº N MUá»N Háº¸N HÃ’,"âœ… ÄÄƒng kÃ­ theo dÃµi/Subscribe: http://mcvnetworks.net/BanMuonHenHo Báº¡n Muá»‘n Háº¹n HÃ² lÃ  kÃªnh Youtube giáº£i trÃ­ Ä‘áº§y vui nhá»™n trá»±c thuá»™c CÃ´ng ty MCV Corporation, tá»•ng há»£p nhá»¯ng gameshow hot nháº¥t vÃ  má»›i nháº¥t hiá»‡n nay. ğŸ”¸ Báº¡n Muá»‘n Háº¹n HÃ² Vá»›i tÃ­nh giáº£i trÃ­ Ä‘a Ä‘áº¡ng vÃ  Ä‘á»™c Ä‘Ã¡o cá»§a kÃªnh mong muá»‘n Ä‘em láº¡i cho ngÆ°á»i xem nhá»¯ng khoáº£ng thá»i gian thÆ° giÃ£n nháº¥t. ------- #BANMUONHENHO #BANMUONHENHOMOINHAT #BMHH #netlove ------------------------------------ Táº£i ngay siÃªu á»©ng dá»¥ng #NetLove Ä‘á»ƒ xem nhanh nháº¥t, Ä‘áº§y Ä‘á»§ nháº¥t táº¥t cáº£ cÃ¡c chÆ°Æ¡ng trÃ¬nh mÃ  báº¡n yÃªu thÃ­ch: https://youtubemcv.onelink.me/0Btp/BMHHyoutube ------------------------ ğŸ’ Fanpage MCVMedia: http://mcvnetworks.net/FanpageMCV ğŸŒ Website: http://mcv.com.vn ------------------------ Â© CÃ¡c video trÃªn kÃªnh Báº¡n Muá»‘n Háº¹n HÃ² Ä‘Ã£ Ä‘Æ°á»£c Ä‘Äƒng kÃ½ báº£n quyá»n vá»›i Youtube. Vui lÃ²ng khÃ´ng sao chÃ©p, re-upload dÆ°á»›i má»i hÃ¬nh thá»©c. âœ– Má»i hÃ nh vi sao chÃ©p, re-upload cÃ³ thá»ƒ dáº«n Ä‘áº¿n viá»‡c tÃ i khoáº£n cá»§a báº¡n bá»‹ khÃ³a vÄ©nh viá»…n. ------------------------",2030000
UCZxUVZjMMx_xIjRuHyi4tUg,DuDuâ€”em bÃ© dá»… thÆ°Æ¡ng,Chia sáº» cuá»™c sá»‘ng háº¡nh phÃºc cá»§a má»™t gia Ä‘Ã¬nh bá»‘n ngÆ°á»i phim truyá»n hÃ¬nh chá»‹ gÃ¡i yÃªu em gÃ¡i Chá»‹ lá»›n báº¯t náº¡t em gÃ¡i Äá»‹a vá»‹ gia Ä‘Ã¬nh cá»§a cha lÃ  tháº¥p nháº¥t chÃºc má»i ngÆ°á»i háº¡nh phÃºc Náº¿u tháº¥y hay hÃ£y nháº¥n Ä‘Äƒng kÃ½ nhÃ©. ,35800
UC2BEmluQX1foBrR3oLMiB_g,Skinny Pale,Welcome to the  Skinny Pale dedicated for the best animations!  ,3000000
UC8ahGDcou5XFUEVf4ID69vQ,Äá» Cá»,"ThÃ­ch Há»c, ThÃ­ch Thá»­, ThÃ­ch LÃ m KhÃ´ng CÃ³ Viá»‡c GÃ¬ KhÃ³ Chá»‰ Sá»£ LÃ²ng KhÃ´ng Bá»n  Tiktok: @dici_05 Instagram: @dici_05 LÃ m Viá»‡c: dici.lamviec@gmail.com  ",533000
UCbTAemQCm6Rud3HD0k30Qow,Minhx Entertainment,KÃªnh giáº£i trÃ­ - vÅ© Ä‘áº¡o Ä‘áº¿n tá»« Viá»‡t Nam. Minhx -  RED QUEENS - KIDDY CREW - Le Cirque ,1590000
UCvx0yETx4Mg0Si_YifV3-2g,Anh chá»‹ em vui váº»,"Xin chÃ o má»i ngÆ°á»i, Ä‘Ã¢y lÃ  [Anh chá»‹ em vui váº»] TÃ´i cÃ³ má»™t con trai vÃ  má»™t con gÃ¡i, Con trai: sinh nÄƒm 2017 Con gÃ¡i: sinh nÄƒm 2020 ChÃºng tÃ´i sáº½ táº£i lÃªn cÃ¡c video vá» cuá»™c sá»‘ng hÃ ng ngÃ y Chia sáº» tiáº¿ng cÆ°á»i cá»§a gia Ä‘Ã¬nh bá»‘n ngÆ°á»i vá»›i báº¡n ÄÄƒng kÃ½ náº¿u báº¡n thÃ­ch chÃºng tÃ´i Chia sáº» nhá»¯ng khoáº£nh kháº¯c vui váº» â˜€ï¸ Mang háº¡nh phÃºc Ä‘áº¿n cho má»i ngÆ°á»i ğŸ˜„  ChÃ o má»«ng má»i ngÆ°á»i nháº¥n vÃ o nÃºt Ä‘Äƒng kÃ½ bÃªn pháº£i, nhá»› báº­t chuÃ´ng nhá» Ä‘á»ƒ nháº­n thÃ´ng bÃ¡o cáº­p nháº­t sá»›m nháº¥t vÃ  chia sáº» thÃ³i quen hÃ ng ngÃ y má»›i nháº¥t vá»›i cÃ¡c báº¡n má»—i ngÃ y nhÃ©! ÄÃ¢y lÃ  liÃªn káº¿t kÃªnh cá»§a tÃ´i: https://www.youtube.com/channel/UCn-lUu7jvkogucyxymK4XDg ÄÃ¢y lÃ  kÃªnh chÃ­nh thá»©c duy nháº¥t cá»§a tÃ´i Thá»‰nh thoáº£ng tÃ´i sáº½ ra máº¯t má»™t sá»‘ video ngáº¯n vÃ  hÃ ng ngÃ y, vui lÃ²ng Ä‘á»ƒ láº¡i lá»i nháº¯n, chÃº Ã½, cáº£m Æ¡n cÃ¡c báº¡n Ä‘Ã£ á»§ng há»™! ğŸ™‡â€ ",73500
UCD7jwWWYc8OsLBi_q64DTnA,MAVF TV,NEW VIDEOS EVERY DAY! Make sure you SUBSCRIBE! Help me fulfill my dream of being able to reach 2 Million SUBSCRIBERS ! â–º For Collaborations : happyfriendsmedia@gmail.com ,1320000
UCxE_qxE-rBRn2mePLwJulIw,Äá»— Kim PhÃºc BÃ³ng ÄÃ¡ TV,,919000
UCvjOPaJZjDkgSkXsfAchSwQ,Tráº§n Thá»‹ Thu Trang,"Xin chÃ o má»i ngÆ°á»i, mÃ¬nh lÃ  Chang 2k3, ráº¥t mong nháº­n Ä‘Æ°á»£c sá»± á»§ng há»™ cá»§a cáº£ nhÃ  iu nhaaa â™¥ Â© Báº£n quyá»n thuá»™c vá» Chang Channel Â© Copyright by Chang Channel â˜ Do not Reup Contact for work: trangpony28092003@gmail.com",3570000
UC89u8T2JjgjAo1G37dXLLWw,KhangProFilm,"Channel chÃ­nh thá»©c cá»§a ca sÄ© LÃ¢m Cháº¥n Khang! HÃ£y Subscribe KÃªnh Ä‘á»ƒ cáº­p nháº­t cÃ¡c Video má»›i nháº¥t cá»§a LÃ¢m Cháº¥n Khang nhÃ©:  https://goo.gl/MdvJjN LÃ¢m Cháº¥n Khang lÃ  má»™t ca sÄ© tá»± do vá»›i cháº¥t giá»ng ngá»t ngÃ o, cÃ¹ng vá»›i gÆ°Æ¡ng máº·t Ä‘iá»ƒn trai, LÃ¢m Cháº¥n Khang nhanh chÃ³ng Ä‘Æ°á»£c cÃ¡c fan máº¿n má»™. LÃ¢m Cháº¥n Khang quÃª á»Ÿ Cáº§n ThÆ¡, lá»›n lÃªn vÃ¹ng sÃ´ng nÆ°á»›c miá»n TÃ¢y vÃ¬ váº­y mÃ  anh cÃ³ má»™t cháº¥t giá»ng ngá»t ngÃ o, lÃ´i cuá»‘n Ä‘Æ°á»£c ngÆ°á»i nghe.  Channel Official: https://goo.gl/MdvJjN  KhangProFilm FanPage: https://www.facebook.com/khangprofilm2017/  My Facebook: https://www.facebook.com/khangprofilm  My FanPage: https://www.facebook.com/lamchankhangfanpage/  LÃ¢m Cháº¥n Khang's Official FanClub: https://www.facebook.com/fclamchankhang.official/",4420000
UCiWyQp2HgKX2-WQUq11V8FA,SCTV Thá»ƒ Thao Official,"ChÃ o má»«ng cÃ¡c báº¡n Ä‘áº¿n vá»›i kÃªnh thá»ƒ thao cá»§a Truyá»n hÃ¬nh SCTV! ÄÃ¢y lÃ  trang Youtube chÃ­nh thá»©c cá»§a kÃªnh, nÆ¡i chia sáº» nhá»¯ng thÃ´ng tin má»›i nháº¥t vá» tháº¿ giá»›i thá»ƒ thao cÅ©ng nhÆ° cáº­p nháº­t cÃ¡c chÆ°Æ¡ng trÃ¬nh thá»ƒ thao háº¥p dáº«n trong tuáº§n.",69600
UCAhfSPCb_HzvHSI54YCZ6GA,Wxrdie,Wxrdie | @wxrdie102  Buy Merch: @lonelystonie,149000
UCsluIbpgt14y6KUcwqCxXbg,MCVMedia,"MCVMedia lÃ  thiÃªn Ä‘Æ°á»ng giáº£i trÃ­ vá»›i cÃ¡c chÆ°Æ¡ng trÃ¬nh truyá»n hÃ¬nh thá»±c táº¿, talkshow hÃ i hÆ°á»›c, cÃ¡c phim sitcom - tÃ¬nh huá»‘ng hÃ i vui nhá»™n Ä‘á»ƒ mang Ä‘áº¿n nhá»¯ng tiáº¿ng cÆ°á»i giáº£i trÃ­ sau giá» lÃ m viá»‡c, há»c táº­p cÄƒng tháº³ng.  ğŸ“Œ ÄÄƒng kÃ½ kÃªnh táº¡i: http://mcvnetworks.net/MCVMedia ğŸ“Œ Cáº­p nháº­t thÃªm nhiá»u thÃ´ng tin háº¥p dáº«n táº¡i: https://www.facebook.com/MCVCorp.Network  MCVMedia cáº­p nháº­t nhanh chÃ³ng vÃ  chÃ­nh xÃ¡c cÃ¡c chÆ°Æ¡ng trÃ¬nh truyá»n hÃ¬nh do MCV Corporation sáº£n xuáº¥t, Ä‘Æ°á»£c MCV Network trá»±c thuá»™c MCV Group báº£o vá»‡ báº£n quyá»n, quáº£n lÃ½, váº­n hÃ nh vÃ  khai thÃ¡c ná»™i dung.  CÃ¡c video Ä‘Æ°á»£c Ä‘Äƒng táº£i Ä‘a dáº¡ng ná»™i dung Ä‘á» tÃ i vá» tÃ¬nh yÃªu, hÃ´n nhÃ¢n, gia Ä‘Ã¬nh, giá»›i tÃ­nh, Ä‘á»i sá»‘ng xÃ£ há»™i,... sáº½ mang Ä‘áº¿n khÃ¡n giáº£ nhá»¯ng giÃ¢y phÃºt giáº£i trÃ­ tuyá»‡t vá»i, Ä‘á»“ng thá»i gáº¯n káº¿t vá»›i nhiá»u thÃ´ng Ä‘iá»‡p nhÃ¢n vÄƒn.",3960000
UC7XYZvX1jEKdLsq_bZs2gjQ,Phá»ng Váº¥n Dáº¡o,"ChuyÃªn trang giáº£i trÃ­ dÃ nh cho giá»›i tráº» Series phá»ng váº¥n dáº¡o, phá»ng váº¥n Ä‘Æ°á»ng phá»‘ HÃ£y like vÃ  share nhá»¯ng sáº£n pháº©m tÃ¢m huyáº¿t cá»§a chÃºng mÃ¬nh nhÃ© â¤  ",43700
UCTAacyv5T4cSus1W4D6eBfA,Koray Zeynep,ğŸ‘§ğŸ»â¤ï¸ğŸ‘¶ğŸ»âœ…ğŸ¥ğŸ’ªâ—ï¸ğŸ¤£ğŸ¥ŠğŸŒºğŸ¥¹ğŸ†ğŸ¦ğŸ’µğŸ…âš½ï¸ğŸ§¿ğŸ’•â›”ï¸,20000000
UCKkYlIkbgikL76LrddIM98w,Tina Ho Official,Â© Báº£n quyá»n thuá»™c vá» Tina Ho & CT Media Â© Copyright by Tina Ho & CT Media â˜ Do not Reup! âœª Email: Contact@congtrinhmedia.vn ,42700
UCA_23dkEYToAc37hjSsCnXA,MixiGaming,"- MÃ¬nh lÃ  Äá»™ -  - Thá»‰nh thoáº£ng ráº£nh chÃ³ ko cÃ³ gÃ¬ lÃ m mÃ¬nh hay edit clip vui, táº¥t cáº£ Ä‘á»u do team mÃ¬nh chÆ¡i tá»± nhiÃªn, trong clip cÃ³ khÃ¡ nhiá»u tá»« ngá»¯ báº­y báº¡ nÃªn cÃ¡c báº¡n lÆ°u Ã½ xung quanh trÆ°á»›c khi xem -   - HÃ£y like, share, vÃ  sub náº¿u báº¡n tháº¥y clip hay Ä‘á»ƒ mÃ¬nh cÃ³ Ä‘á»™ng lá»±c ra máº¯t cÃ¡c sáº£n pháº©m tiáº¿p theo :3 cÃ¡m Æ¡n táº¥t cáº£ cÃ¡c báº¡n Ä‘Ã£ quan tÃ¢m vÃ  theo dÃ³i -  FaceBook:  https://www.facebook.com/MixiGaming Steam: https://steamcommunity.com/id/mixinguyen",7160000
