id,publishedAt,channelId,title,channelTitle,tags,duration,dimension,definition,caption,licensedContent,contentRating,projection,viewCount,likeCount,favoriteCount,commentCount
tBOQecZij-w,2023-11-12T13:40:11Z,UCFMEYTv6N64hIL9FlQ_hxBw,"2 NgÃ y 1 ÄÃªm MÃ¹a 2 | Táº­p 38: TrÆ°á»ng Giang Ä‘Ã³ng vai káº» pháº£n diá»‡n, HIEUTHUHAI bá»‹ Ä‘Æ°a vÃ o trÃ²ng",ÄÃ”NG TÃ‚Y PROMOTION OFFICIAL,"['dong tay promotion', 'Ä‘Ã´ng tÃ¢y promotion', 'htv', '2 ngÃ y 1 Ä‘Ãªm', '2 ngay 1 dem', '2 ngÃ y 1 Ä‘Ãªm viá»‡t nam', '2 ngay 1 dem viet nam', '2 days 1 night', '2N1Ä', 'chÆ°Æ¡ng trÃ¬nh thá»±c táº¿ 2023', 'trÆ°á»ng giang', 'truong giang', 'kiá»u minh tuáº¥n', 'cris phan', 'dÆ°Æ¡ng lÃ¢m', 'lÃª dÆ°Æ¡ng báº£o lÃ¢m', 'ngÃ´ kiáº¿n huy', 'HIEUTHUHAI', 'le duong bao lam', '2 ngÃ y 1 Ä‘Ãªm full', '2 ngÃ y 1 Ä‘Ãªm mÃ¹a 2', '2 ngay 1 dem mua 2', '2 ngÃ y 1 Ä‘Ãªm mÃ¹a 2 táº­p 38', '2 ngÃ y 1 Ä‘Ãªm táº­p 38', '2 ngay 1 dem tap 38', '2 ngay 1 dem mÃ¹a 2 tap 38', 'bray', 'bigdaddy', 'b ray']",PT1H28M28S,2d,hd,false,True,{},rectangular,6676881,65085,0,3289
WvQ-d5_0kUE,2023-11-16T13:11:05Z,UCljFFNaQoJWeP91Bz4m_3bw,ğŸ”´TRá»°C TIáº¾P: PHILIPPINES - VIá»†T NAM | Báº¢NG F - VÃ’NG LOáº I 2 WORLD CUP 2026 | FPT BÃ“NG ÄÃ VIá»†T,FPT BÃ³ng ÄÃ¡ Viá»‡t,"['fpt bÃ³ng Ä‘Ã¡ viá»‡t', 'trá»±c tiáº¿p bÃ³ng Ä‘Ã¡ hÃ´m nay', 'trá»±c tiáº¿p bÃ³ng Ä‘Ã¡', 'philippines viá»‡t nam', 'trá»±c tiáº¿p philippines - viá»‡t nam', 'trá»±c tiáº¿p philippines viá»‡t nam', 'trá»±c tiáº¿p philippines vs viá»‡t nam', 'trá»±c tiáº¿p philippines viá»‡t nam hÃ´m nay', 'philippines vs viá»‡t nam', 'philippines - viá»‡t nam', 'trá»±c tiáº¿p viá»‡t nam', 'trá»±c tiáº¿p bÃ³ng Ä‘Ã¡ viá»‡t nam', 'trá»±c tiáº¿p bÃ³ng Ä‘Ã¡ má»›i nháº¥t hÃ´m nay', 'trá»±c tiáº¿p', 'trá»±c tiáº¿p viá»‡t nam hÃ´m nay', 'vÃ²ng loáº¡i world cup', 'trá»±c tiáº¿p vÃ²ng loáº¡i world cup', 'viá»‡t nam vÃ²ng loáº¡i world cup']",PT2H59M,2d,hd,false,True,{},rectangular,3224333,,0,264
v_5lsOmBOP0,2023-11-16T13:11:44Z,UCbkllEQivzBHCkaQX-w4N3Q,"Highlights: Philippines - Viá»‡t Nam | VÄƒn ToÃ n giáº£i háº¡n, ÄÃ¬nh Báº¯c láº­p siÃªu pháº©m, khá»Ÿi Ä‘áº§u thuáº­n lá»£i",BÃ“NG ÄÃ VIá»†T NAM,"['bÃ³ng Ä‘Ã¡ viá»‡t nam', 'highlights bÃ³ng Ä‘Ã¡', 'highlights', 'highlights philippines viá»‡t nam', 'highlights philippines vs viá»‡t nam', 'highlights philippines - viá»‡t nam', 'philippines viá»‡t nam', 'philippines - viá»‡t nam', 'philippines vs viá»‡t nam', 'highlights viá»‡t nam', 'highlights vÃ²ng loáº¡i world cup', 'viá»‡t nam vÃ²ng loáº¡i world cup', 'philippines viá»‡t nam vÃ²ng loáº¡i wc', 'viá»‡t nam', 'Ä‘á»™i tuyá»ƒn viá»‡t nam', 'highlights bÃ³ng Ä‘Ã¡ hÃ´m nay', 'highlights bÃ³ng Ä‘Ã¡ má»›i nháº¥t', 'highlights hÃ´m nay']",PT11M27S,2d,hd,false,True,{},rectangular,1325976,7935,0,1354
HOnKnQ5tCQU,2023-11-12T12:22:14Z,UChG2EWuXoW7Tgof35WjbsnQ,T1 vs JDG (BO5) | CKTG 2023 - BÃN Káº¾T 2,Vietnam Championship Series - LMHT,"['LMHT', 'VCS', 'VCS LMHT', 'LiÃªn Minh Huyá»n Thoáº¡i', 'VCS LiÃªn Minh Huyá»n Thoáº¡i', 'giáº£i Ä‘áº¥u VCS', 'LoL', 'VCS LoL', 'Esports', 'LMHT Esports', 'VCS esports', 'giáº£i Ä‘áº¥u liÃªn minh huyá»n thoáº¡i', 'giáº£i Ä‘áº¥u liÃªn minh', 'giáº£i Ä‘áº¥u LoL', 'tuyá»ƒn thá»§ LiÃªn Minh Huyá»n Thoáº¡i', 'tuyá»ƒn thá»§ LoL', 'tuyá»ƒn thá»§ VCS']",PT4H59M24S,2d,hd,false,True,{},rectangular,4143440,48607,0,682
QR-e-UJ0lQQ,2023-11-16T10:30:08Z,UCKl0tA90oEArasOGzp8I41g,ğ“ğ¨ğ§ğ² | Thá»­ ThÃ¡ch Báºº Gáº¬Y LÃ’ XO ğŸ’ª ğ™‹ğ™¤ğ™¬ğ™šğ™§ ğ™ğ™¬ğ™ğ™¨ğ™©ğ™šğ™§,TonyTV,"['tony', 'tonytv', 'teamtony', 'tony vlog', 'be lo xo', 'power twister', 'gay lo xo', 'do long dao', 'do long dao 100kg', 'thu thach be lo xo', 'thu thach be gay lo xo', 'cuoc thi be lo xo', 'cuoc thi suc manh be gay lo xo', 'thanh lÃ² xo máº¡nh nháº¥t', 'thanh lÃ² xo', 'gáº­y lÃ² xo', 'thá»­ thÃ¡ch báº» gáº­y lÃ² xo nháº­n thÆ°á»Ÿng', 'báº» gáº­y lÃ² xo láº¥y tiá»n', 'power twister challenge', 'huong dan be gay lo xo', 'gáº­y lÃ² xo tá»± cháº¿', 'lá»±c sÄ© báº» gáº­y lÃ² xo', 'chinh phá»¥c gáº­y lÃ² xo 120kg', 'gáº­y lÃ² xo 200kg', 'tony dai chien', 'luc si dai chien']",PT29M,2d,hd,false,True,{},rectangular,2035348,24387,0,1733
zQSKL8Ehwjw,2023-11-05T13:40:09Z,UCFMEYTv6N64hIL9FlQ_hxBw,"2 NgÃ y 1 ÄÃªm MÃ¹a 2 | Táº­p 37: Cris Phan thá»ƒ hiá»‡n KungFu â€˜bÃ  ngoáº¡iâ€™, BigDaddy tá»‘ bá»‹ â€œhÃ nh hungâ€",ÄÃ”NG TÃ‚Y PROMOTION OFFICIAL,"['dong tay promotion', 'Ä‘Ã´ng tÃ¢y promotion', 'htv', '2 ngÃ y 1 Ä‘Ãªm', '2 ngay 1 dem', '2 ngÃ y 1 Ä‘Ãªm viá»‡t nam', '2 ngay 1 dem viet nam', '2 days 1 night', '2N1Ä', 'chÆ°Æ¡ng trÃ¬nh thá»±c táº¿ 2023', 'trÆ°á»ng giang', 'truong giang', 'kiá»u minh tuáº¥n', 'cris phan', 'dÆ°Æ¡ng lÃ¢m', 'lÃª dÆ°Æ¡ng báº£o lÃ¢m', 'ngÃ´ kiáº¿n huy', 'HIEUTHUHAI', 'le duong bao lam', '2 ngÃ y 1 Ä‘Ãªm full', '2 ngÃ y 1 Ä‘Ãªm mÃ¹a 2', '2 ngay 1 dem mua 2', '2 ngÃ y 1 Ä‘Ãªm mÃ¹a 2 táº­p 37', '2 ngÃ y 1 Ä‘Ãªm táº­p 37', '2 ngay 1 dem tap 37', '2 ngay 1 dem mÃ¹a 2 tap 37', 'bray', 'bigdaddy', 'b ray']",PT1H40M43S,2d,hd,false,True,{},rectangular,8568181,76909,0,4461
3Iez4UcKujE,2023-11-16T22:32:19Z,UCbxWTKqVmD_AMeOIcKFhQ3Q,"HIGHLIGHTS LIECHTENSTEIN - Bá»’ ÄÃ€O NHA: RONALDO TRá»ªNG PHáº T Äá»I THá»¦,Ná»I DÃ€I Ká»¶ Lá»¤C-VÃ’NG LOáº I EURO 2024",TV360 Thá»ƒ Thao,"['tv360 thá»ƒ thao', 'hghlights bá»“ Ä‘Ã o nha', 'highlights bÃ³ng Ä‘Ã¡', 'highlights liechtenstein - bá»“ Ä‘Ã o nha', 'highlights bá»“ Ä‘Ã o nha liechtenstein', 'highlights bá»“ Ä‘Ã o nha vs liechtenstein', 'bá»“ Ä‘Ã o nha', 'bá»“ Ä‘Ã o nha liechtenstein', 'bá»“ Ä‘Ã o nha vs liechtenstein', 'highlight bá»“ Ä‘Ã o nha', 'highlights bá»“ Ä‘Ã o nha', 'bá»“ Ä‘Ã o nha highlight', 'bÄ‘n vs liechtenstein', 'bá»“ Ä‘Ã o nha ronaldo', 'highlights euro 2024', 'vÃ²ng loáº¡i euro 2024', 'euro 2024 bá»“ Ä‘Ã o nha', 'highlight bong da', 'tv360', 'highlights', 'ronaldo', 'ronaldo bÃ n tháº¯ng']",PT10M21S,2d,hd,false,True,{},rectangular,1364410,24109,0,1331
zmCPfXo370c,2023-11-10T13:56:10Z,UCyjEHiz7k315xJkBrFtQViw,Tá» TÃ¬nh HoÃ n Má»¹ MÃ¹a 2 Táº­p 16 P2: Má»¸ NHÃ‚N CHUYá»‚N GIá»šI Má»¹m Tráº§n bá»‹ NYC tá»« chá»‘i vÃ  HAPPY ENDING vá»¡ Ã²a?,Háº¹n HÃ² HoÃ n Má»¹,"['háº¹n hÃ² hoÃ n má»¹', 'tá» tÃ¬nh hoÃ n má»¹', 'ngÃ´n tÃ¬nh hoÃ n má»¹', 'show háº¹n hÃ²', 'tá» tÃ¬nh', 'vÃ¬ yÃªu mÃ  Ä‘áº¿n', 'tÃ¬nh yÃªu hoÃ n má»¹', 'tá» tÃ¬nh hoÃ n má»¹ mÃ¹a 2', 'tá» tÃ¬nh hoÃ n má»¹ táº­p 16', 'tá» tÃ¬nh hoÃ n má»¹ táº­p 16 mÃ¹a 2', 'tá» tÃ¬nh táº­p 16', 'táº­p 16 pháº§n 2 tá» tÃ¬nh hoÃ n má»¹', 'tá» tÃ¬nh pháº§n 2 táº­p 16', 'háº¹n hÃ² hoÃ n má»¹ táº­p 16', 'Má»¹m Tráº§n táº­p 16', 'LÃ¢m KhÃ¡nh Chi thuyáº¿t phá»¥c Lohan giÃ nh láº¥y tÃ¬nh yÃªu cá»§a Má»¹m Tráº§n', 'lÃ¢m khÃ¡nh chi tá» tÃ¬nh', 'lÃ¢m khÃ¡nh chi tá» tÃ¬nh hoÃ n má»¹', 'Má»¸ NHÃ‚N CHUYá»‚N GIá»šI Má»¹m Tráº§n bá»‹ NYC tá»« chá»‘i vÃ  HAPPY ENDING vá»¡ Ã²a?']",PT1H24M39S,2d,hd,false,True,{},rectangular,1664081,25537,0,5759
hD7cLb4DhGo,2023-11-07T04:40:01Z,UCtVt72Xq0qMvRSfyDDiqHhw,TÃŒM EM CÃ‚U VÃ SÃ”NG LAM - A PÃO | Tiáº¿ng hÃ¡t dáº¡t dÃ o cáº£m xÃºc cá»§a ngÆ°á»i con xá»© Nghá»‡ A PÃ¡o,MEGA GS MUSIC,"['sÃ n chiáº¿n giá»ng hÃ¡t', 'san chien giong hat', 'mega gs', 'sÃ n chiáº¿n', 'giong hat', 'mega gs entertainment', 'sÃ n chiáº¿n giá»ng hÃ¡t mÃ¹a 5', 'san chien giong hat mua 5', 'san chien giong hat mega gs', 'bach cong khanh', 'há»“ng Ä‘Ã o', 'há»“ng vÃ¢n', 'kim tá»­ long', 'quang hÃ ', 'san chien giong hat mua 5 mega gs', 'sÃ n chiáº¿n giá»ng hÃ¡t mÃ¹a 5 mega gs', 'mÃ¹a 5 sÃ n chiáº¿n giá»ng hÃ¡t', 'mua 5 sÃ n chien giá»ng hat', 'táº­p 9', 'a pÃ¡o', 'a pÃ¡o sÃ n chiáº¿n giá»ng hÃ¡t', 'tÃ¬m em cÃ¢u vÃ­ sÃ´ng lam a pÃ¡o', 'tim em cau vi song lam a pao']",PT6M2S,2d,hd,false,True,{},rectangular,3693153,18407,0,2666
ZfwumHZQbXY,2023-11-16T10:30:16Z,UCvbSpyvK5xS_tXyyW7qXM2w,Tháº¯ng ngÆ°á»i giáº£i Rubik 1 tay GIá»I NHáº¤T VIá»†T NAM sáº½ nháº­n Ä‘Æ°á»£c IPHONE 15 PRO MAX,RUBIK BMT,,PT59S,2d,hd,false,True,{},rectangular,797696,23299,0,91
_sRUMQRDCX8,2023-11-09T10:15:03Z,UCuNfWyYw1Ws9yzev3k7N3Kg,MÃ¬nh Ä‚n Socola Cá»§a Mr. Beast ğŸ« TrÃºng 1000$? - NhÃ£ BÃ© Báº¯p,NhÃ£ BÃ© Báº¯p,"['nhÃ£ bÃ© báº¯p', 'nha be bap', 'rubik bmt', 'rubikbmt', 'nhÃ£ bÃ© báº¯p vÃ  anh thÃ´ng', 'nhÃ£ bÃ© báº¯p vÃ  anh há»', 'báº¡n trai nhÃ£ bÃ© báº¯p', 'NHÃƒ BÃ‰ Báº®P', 'NhÃ£ BÃ© Báº¯p', 'nhÃ£ bÃ© báº¯p Ä‘i du há»c', 'du há»c má»¹', 'rubik', 'chÆ¡i rubik', 'hot tiktok', 'tiktoker', 'tik tok', 'hiha', 'tiktok', 'nhÃ  bÃ© báº¯p', 'bÃ© báº¯p', 'cÃ³ máº¹ lÃ  ngÆ°á»i viá»‡t nam', 'máº¹', 'series vá» máº¹', 'nhÃ£', 'bÃ©', 'báº¯p', 'nhÃ£ bÃ© báº¯p anh thÃ´ng', 'thÃ´ng rubik', 'nha be bap va anh thong', 'thong rubik', 'thong rubik bmt', 'nhÃ£ bÃ© báº¯p qua má»¹', 'máº¹ lÃ  ngÆ°á»i viá»‡t', 'sá»‘c vÄƒn hÃ³a', 'cuá»™c sá»‘ng á»Ÿ má»¹', 'sá»‘c vÄƒn hÃ³a má»¹']",PT56S,2d,hd,false,True,{},rectangular,3684817,115795,0,395
_DP1TwxmWL0,2023-11-08T12:16:44Z,UC0qTInmgyYnwWLeCUIde9Cw,CÃ¡ch náº¥u Äƒn mÃ  khÃ´ng cáº§n rá»­a nhiá»u ná»“i niÃªu | Máº¹ HÆ°Æ¡ng HÆ°Æ¡ng,Máº¹ HÆ°Æ¡ng HÆ°Æ¡ng,,PT34S,2d,hd,false,True,{},rectangular,3587940,76107,0,80
QtNJYcJCp18,2023-11-11T14:45:13Z,UCh_zF2FsiCflCPgYDudtcqg,"CHá»Š Äáº¸P Äáº P GIÃ“ Ráº¼ SÃ“NG 2023 | Táº¬P 3: CHá»Š Äáº¸P Láº¬P NHÃ“M, â€œTHá»¬â€ THÃ”I KHÃ”NG â€œTHÃCHâ€?",YEAH1 SHOW,"['yeah1 show', 'chá»‹ Ä‘áº¹p 2023', 'yeah1 show chá»‹ Ä‘áº¹p 2023', 'chi dep 2023', 'chá»‹ Ä‘áº¹p Ä‘áº¡p giÃ³ ráº½ sÃ³ng', 'chá»‹ Ä‘áº¹p Ä‘áº¡p giÃ³', 'Ä‘áº¡p giÃ³ 2023', 'Ä‘áº¡p giÃ³ ráº½ sÃ³ng', 'Ä‘áº¡p giÃ³ ráº½ sÃ³ng 2023', 'Ä‘áº¡p giÃ³ ráº½ sÃ³ng báº£n viá»‡t', 'chá»‹ Ä‘áº¹p Ä‘áº¡p giÃ³ ráº½ sÃ³ng 2023', 'chá»‹ Ä‘áº¹p', 'táº­p 3 chá»‹ Ä‘áº¹p', 'chá»‹ Ä‘áº¹p táº­p 3', 'Chá»‹ Äáº¹p Äáº¡p GiÃ³ Ráº½ SÃ³ng Táº­p 3', 'chá»‹ Ä‘áº¹p Ä‘áº¡p giÃ³ ráº½ sÃ³ng táº­p 3', 'táº­p 3 chá»‹ Ä‘áº¹p Ä‘áº¡p giÃ³ ráº½ sÃ³ng', 'diá»‡u nhi', 'lan ngá»c', 'má»¹ linh', 'lÆ°u hÆ°Æ¡ng giang', 'huyá»n baby', 'uyÃªn linh', 'báº£o anh', 'nguyÃªn hÃ ', 'khá»•ng tÃº quá»³nh', 'chá»‹ Ä‘áº¹p láº­p nhÃ³m']",PT1H53M51S,2d,hd,false,True,{},rectangular,2325278,37446,0,8453
l4ME55lz2jg,2023-11-11T13:16:55Z,UChG2EWuXoW7Tgof35WjbsnQ,WBG vs BLG (BO5) | CKTG 2023 - BÃN Káº¾T 1,Vietnam Championship Series - LMHT,"['LMHT', 'VCS', 'VCS LMHT', 'LiÃªn Minh Huyá»n Thoáº¡i', 'VCS LiÃªn Minh Huyá»n Thoáº¡i', 'giáº£i Ä‘áº¥u VCS', 'LoL', 'VCS LoL', 'Esports', 'LMHT Esports', 'VCS esports', 'giáº£i Ä‘áº¥u liÃªn minh huyá»n thoáº¡i', 'giáº£i Ä‘áº¥u liÃªn minh', 'giáº£i Ä‘áº¥u LoL', 'tuyá»ƒn thá»§ LiÃªn Minh Huyá»n Thoáº¡i', 'tuyá»ƒn thá»§ LoL', 'tuyá»ƒn thá»§ VCS']",PT5H53M43S,2d,hd,false,True,{},rectangular,2243915,15517,0,254
HRzB19QAEmw,2023-11-12T02:15:02Z,UCPQ_0hRIRH4uz3OORNyBo8Q,Æ¯á»›c mÆ¡ ÄÃ£ Trá»Ÿ ThÃ nh Sá»± Tháº­t || Daughter And Dad  #shorts,Small Family TV,"['shorts', '#shorts', 'trend tik tok', 'shorts video', 'tiktok', 'Crazy dance', 'trend tiktok', 'lt studio', 'lt', 'funny family', 'Funny Story', 'Funny Video', 'Small Family TV', 'Æ¯á»›c mÆ¡ ÄÃ£ Trá»Ÿ ThÃ nh Sá»± Tháº­t', 'Daughter And Dad']",PT1M,2d,hd,false,True,{},rectangular,2311436,,0,36
ziy-vfv7qBs,2023-11-07T12:00:52Z,UCm60DH8TdBxuMnknNfkf_nQ,Thá»­ thÃ¡ch Ã´m áº¾ch Xanh Ä‘Æ°á»£c 500k #comedy #funny #shorts,Cubic Billiard - Club báº¥t á»•n,"['bida', 'billiard', 'cubic billiard', 'cubic', 'bi-a', 'bi a', 'báº¥t á»•n', 'báº¥t á»•n quÃ¡n', 'bida báº¥t á»•n', 'jiro', 'billard funny', 'bida club', 'clb bida', 'manhny', 'nhÃ¢n viÃªn bida', 'nhÃ¢n viÃªn billiard', 'hien hime', 'nguyá»…n Ä‘an phÆ°Æ¡ng', 'clip hÃ i bi a', 'bi a hÃ i', 'gáº¥m kami', 'club báº¥t á»•n', 'club bat on', 'cubic billiard club báº¥t á»•n', 'quÃ¡n bida duy cÃ²m', 'duy cÃ²m', 'lá»›p há»c billiard', 'jiro bida', 'jiro billiard', 'cÃ¡c kiá»ƒu ngÆ°á»i báº¯n bi-a', 'shorts', 'tiktok', 'tik tok', 'áº¿ch xanh', 'thá»­ thÃ¡ch', 'Ã´m áº¿ch xanh']",PT1M,2d,hd,false,True,{},rectangular,3933672,90586,0,151
VbycGKiHFW8,2023-11-17T14:01:38Z,UCkna2OcuN1E6u5I8GVtdkOw,"Ca SÄ© Máº·t Náº¡ MÃ¹a 2-Táº­p 15: Voi Báº£n ÄÃ´n MiÃªu QuÃ½ Tá»™c cá»±c tÃ¬nh, Ong BÃ¢y Bi mashup hit Cáº¯t ÄÃ´i Ná»—i Sáº§u",Vie Channel ,"['vie channel', 'vie giai tri', 'giai tri tv', 'htv2', 'the masked singer vietnam', 'the masked singer viá»‡t nam', 'the masked singer', 'mask singer', 'king of mask singer vietnam', 'ca sÄ© máº·t náº¡', 'vocalist', 'vocal', 'ballad', 'the masked singer mÃ¹a 2', 'ca sÄ© máº·t náº¡ mÃ¹a 2', 'mascot', 'mascot ca sÄ© máº·t náº¡', 'tráº¥n thÃ nh', 'tÃ³c tiÃªn', 'bÃ­ch phÆ°Æ¡ng', 'ngÃ´ kiáº¿n huy', 'ca sÄ© máº·t náº¡ mÃ¹a 2 táº­p 15', 'táº­p 15 ca sÄ© máº·t náº¡', 'the masked singer táº­p 15', 'ca sÄ© máº·t náº¡ táº­p', 'ca sÄ© máº·t náº¡ full', 'the masked singer vietnam mÃ¹a 2', 'minh tuyáº¿t']",PT2H10M20S,2d,hd,false,True,{},rectangular,605514,8434,0,2098
3mY-cD25lPs,2023-11-10T14:00:07Z,UCmgGhZ_OMFGRn5cbfd4Svrw,Má»¸ TÃ‚M - VÃŒ EM Táº¤T Cáº¢ | OFFICIAL MV,My Tam,"['má»¹ tÃ¢m', 'my tam', 'vÃ¬ em táº¥t cáº£', 'vi em tat ca', 'my tam vi em tat ca', 'má»¹ tÃ¢m vÃ¬ em táº¥t cáº£', 'vÃ¬ em táº¥t cáº£ má»¹ tÃ¢m', 'vi em tat ca my tam', 'tá»± do nhÆ° mÃ¢y lá»­ng lÆ¡ giá»¯a trá»i', 'mv vÃ¬ em táº¥t cáº£', 'mv vi em tat ca', 'mv vÃ¬ em táº¥t cáº£ má»¹ tÃ¢m', 'mv vi em tat ca my tam', 'vÃ¬ em táº¥t cáº£ má»¹ tÃ¢m mv', 'vi em tat ca my tam mv', 'má»¹ tÃ¢m official', 'vÃ¬ em táº¥t cáº£ má»¹ tÃ¢m official mv', 'má»¹ tÃ¢m vÃ¬ em táº¥t cáº£ oneshot', 'vi em em tat ca my tam official mv', 'má»¹ tÃ¢m mv má»›i', 'vi em tat ca má»¹ tÃ¢m', 'vÃ¬ em táº¥t cáº£ my tam', 'viemtatca', 'vetc']",PT3M47S,2d,hd,false,True,{},rectangular,1940731,39705,0,63166
_d9p6aE3FuU,2023-11-10T10:53:41Z,UCxD6jhe3ZGshh_c0KAIfWNQ,CÃ¡ch xá»­ lÃ½ khi bá»‹ hÃ³c xÆ°Æ¡ng cÃ¡ | #enfitness #songkhoe247 #dcgr,Ã‰n Fitness,"['Ã©n', 'Ã©n fitness', 'en fitness', 'Ã©n fitness thá»ƒ thao', 'hÆ°á»›ng dáº«n táº­p bá»¥ng', 'táº­p 6 mÃºi', 'táº­p 6 mÃºi hiá»‡u quáº£', '10 phÃºt táº­p bá»¥ng', 'cÃ¡ch Ä‘á»ƒ 6 mÃºi', '6 mÃºi', 'táº­p bá»¥ng khoa há»c', 'gym', 'fitness', 'giam can', 'giáº£m cÃ¢n', 'sÄƒn cháº¯c', 'san chac', 'huong dan tap gym', 'hÆ°á»›ng dáº«n táº­p gym', 'bai tap giam can', 'táº­p gym', 'tap gym', 'táº­p giáº£m má»¡ bá»¥ng', 'táº­p thá»ƒ dá»¥c', 'tap the duc', 'Ã©n thá»ƒ thao', 'mc hiá»ƒn vinh', 'hiá»ƒn vinh', 'váº­t tay', 'Review ngÆ°á»i vá»£ cuá»‘i cÃ¹ng', 'review phim', 'tÃ³m táº¯t phim', 'hÃ³c xÆ°Æ¡ng cÃ¡']",PT1M1S,2d,hd,false,True,{},rectangular,2372501,52498,0,359
ZDysHwf9xQw,2023-11-15T12:15:09Z,UCD09NCZlzMj4yGvGkLbuBpw,HÃ ng XÃ³m Báº¥t Ngá» Khi CÃ´ng An KhÃ¡m XÃ©t NhÃ  Ã”ng LÆ°u BÃ¬nh NhÆ°á»¡ng á» QuÃª ThÃ¡i BÃ¬nh | SKÄS,BÃ¡o Sá»©c khoáº» & Äá»i sá»‘ng,"['bÃ¡o sá»©c khá»e vÃ  Ä‘á»i sá»‘ng', 'sá»©c khá»e vÃ  Ä‘á»i sá»‘ng', 'skÄ‘s', 'skds', 'suc khoe doi song', 'bao suc khoe va doi song', 'lÆ°u bÃ¬nh nhÆ°á»¡ng', 'vá»¥ Ã´ng lÆ°u bÃ¬nh nhÆ°á»¡ng', 'vÃ¬ sao Ã´ng lÆ°u bÃ¬nh nhÆ°á»¡ng bá»‹ báº¯t', 'Ã´ng lÆ°u bÃ¬nh nhÆ°á»¡ng bá»‹ báº¯t táº¡m giam vÃ¬ sao', 'nguyÃªn nhÃ¢n lÆ°u bÃ¬nh nhÆ°á»¡ng bá»‹ khá»Ÿi tá»‘', 'khá»Ÿi tá»‘ lÆ°u bÃ¬nh nhÆ°á»¡ng', 'lÆ°u bÃ¬nh nhÆ°á»¡ng lÃ  ai', 'hÃ ng xÃ³m cá»§a lÆ°u bÃ¬nh nhÆ°á»¡ng báº¥t ngá» khi nhÃ  Ã´ng bá»‹ khÃ¡m xÃ©t', 'cÃ´ng an khÃ¡m xÃ©t nhÃ  Ã´ng lÆ°u bÃ¬nh nhÆ°á»¡ng', 'báº¥t ngá» khÃ¡m xÃ©t nhÃ  á»Ÿ quÃª thÃ¡i bÃ¬nh cá»§a lÆ°u bÃ¬nh nhÆ°á»¡ng']",PT10M19S,2d,hd,false,True,{},rectangular,697001,3450,0,1
KuUun6k-1QY,2023-11-11T13:31:41Z,UCh6snexfUrSdwKGuiyDSe5g,ğŸ˜­ğŸ˜­ğŸ­ #ciin #tiktok,CiiN BÃ¹i Tháº£o Ly,,PT20S,2d,hd,false,True,{},rectangular,7911159,526624,0,3783
ZMYjO3Yzto0,2023-11-10T08:05:54Z,UC-B3lKAktiHyLwFv7TRq2xg,Tá»§ng nÃ³ phiá»n mÃ  nhÃ  váº¯ng nÃ³ lÃ  bÃ¹n hÃ  | Khiáº¿t Äan x TÃ­n Nguyá»…n #shorts #khietdan #tinnguyen,Khiáº¿t Äan,"['Khiáº¿t Äan', 'Khiáº¿tÄan', 'khiáº¿tÄ‘an', 'khiet dan', 'khietdan', 'KHIáº¾T ÄAN', 'KHIET DAN', 'comedy', 'hÃ i hÆ°á»›c', 'diá»…n viÃªn khiáº¿t Ä‘an', 'Khiáº¿t Äan Comedy', 'tiktoker khiáº¿t Ä‘an', 'tiktok comedy', 'shorts', 'shorts khiáº¿t Ä‘an', 'khiáº¿t Ä‘an tiktok', '@dienvienkhietdan', 'Tá»§ng nÃ³ phiá»n mÃ  nhÃ  váº¯ng nÃ³ lÃ  bÃ¹n hÃ  | Khiáº¿t Äan x TÃ­n Nguyá»…n #shorts #khietdan #tinnguyen', 'bÃ© Tá»­ng', 'bÃ© Tá»­ng khiáº¿t Ä‘an', 'Khiáº¿t Äan x TÃ­n Nguyá»…n', 'anh em nhÃ  Tá»§ng', 'bÃ© tá»­ng', 'be tung khiet dan', 'khiáº¿t Ä‘an comedy']",PT40S,2d,hd,false,True,{},rectangular,2056374,47588,0,96
bS_gZkyBHpI,2023-11-16T12:00:34Z,UC8Ku4RXI9q6CSYvZAFEIIeg,Ká»³ láº¡ ngÆ°á»i Ä‘Ã n Ã´ng â€œBáº®.T CÃ“Câ€ con riÃªng cá»§a Vá»£ láº¡i khiáº¿n TRIá»†U NGÆ¯á»œI Ná»‚ PHá»¤C..!,MrBB Vlogs,"['mrbb', 'vlogs mrbb', 'tÃ¢m linh miá»n tÃ¢y', 'tá»« thiá»‡n', 'thiá»‡n nguyá»‡n', 'tÃ¢m linh', 'mrbb vlogs', 'mrbbvlogs', '3 Ä‘á»©a tráº» má»“ cÃ´i', 'Ä‘á»©a tráº» má»“ cÃ´i', 'ká»³ láº¡ ngÆ°á»i Ä‘Ã n Ã´ng', 'cha dÆ°á»£ng', 'tÃ¬m máº¹', 'tráº» má»“ cÃ´i', 'giÃºp Ä‘á»¡ em bÃ© tÃ¬m máº¹', 'giÃºp em bÃ© tÃ¬m máº¹', 'cha dÆ°á»£ng báº¯t vá»', 'cha gháº» báº¯t vá»', 'cha dÆ°á»£ng nuÃ´i tráº» má»“ cÃ´i', 'cha dÆ°á»£ng báº¯t vá» nuÃ´i', 'cha dÆ°á»£ng nuÃ´i', 'Ä‘á»©a tráº» má»“ cÃ´i tÃ¬m máº¹', 'em bÃ© tÃ¬m máº¹', 'giÃºp em bÃ© má»“ cÃ´i', 'ngÆ°á»i Ä‘Ã n Ã´ng báº¯t cÃ³c', 'ngÆ°á»i Ä‘Ã n Ã´ng', 'ngÆ°á»i Ä‘Ã n Ã´ng ká»³ láº¡', 'cha dÆ°á»£ng nuÃ´i con riÃªng cá»§a vá»£']",PT37M32S,2d,hd,false,True,{},rectangular,437179,5034,0,1117
UhVMvRy1GCs,2023-11-12T08:00:25Z,UCYFMCOJKeaqJxlFpvzBk1ig,24h Cáº¯m Tráº¡i Bingo,LÃ¢m TV,"['lÃ¢m tv', 'lam tv', 'lÃ¢mtv', 'lamtv', 'lÃ¢m vlog', 'lamvlog', 'lam vlog', 'cáº¯m tráº¡i 24h', '24h cáº¯m tráº¡i', '24h Cáº¯m Tráº¡i', '24h Cáº¯m Tráº¡i Bingo', 'Cáº¯m Tráº¡i Bingo', 'Bingo', 'Cáº¯m Tráº¡i', '24h Bingo', '24h']",PT57M12S,2d,hd,false,True,{},rectangular,1599837,43720,0,1575
UjbQ1Gk0ocg,2023-11-17T11:15:46Z,UC74CatIFgb1a1Ff3IUD_f4w,HoÃ ng HÃ´n | Buá»•i Äáº§u TiÃªn Äi LÃ m Gia SÆ° Kiá»ƒu #Shorts,HoÃ ng HÃ´n Official,,PT53S,2d,hd,false,True,{},rectangular,732700,22392,0,174
j31HaDLBHtw,2023-11-07T12:00:40Z,UCtVt72Xq0qMvRSfyDDiqHhw,TÃ¬m Em CÃ¢u VÃ­ SÃ´ng Lam - A PÃ¡o | SÃ n Chiáº¿n Giá»ng HÃ¡t MÃ¹a 5 Táº­p 9 #megagsmusic#apao,MEGA GS MUSIC,"['sÃ n chiáº¿n giá»ng hÃ¡t', 'san chien giong hat', 'báº¡ch cÃ´ng khanh', 'mega gs music', 'mega gs', 'sÃ n chiáº¿n', 'giong hat', 'san chien', 'mega gs entertainment', 'megags', 'sÃ n chiáº¿n giá»ng hÃ¡t mÃ¹a 5', 'san chien giong hat mua 5', 'san chien giong hat mega gs', 'sÃ n chiáº¿n giá»ng hÃ¡t mega gs', 'bach cong khanh', 'há»“ng Ä‘Ã o', 'há»“ng vÃ¢n', 'kim tá»­ long', 'quang hÃ ', 'san chien giong hat mua 5 mega gs', 'sÃ n chiáº¿n giá»ng hÃ¡t mÃ¹a 5 mega gs', 'mÃ¹a 5 sÃ n chiáº¿n giá»ng hÃ¡t', 'mua 5 sÃ n chien giá»ng hat', 'a pÃ¡o', 'tÃ¬m em cÃ¢u vÃ­ sÃ´ng lam']",PT57S,2d,hd,false,False,{},rectangular,2323622,27485,0,492
Hgr9GXnRB2w,2023-11-13T22:00:24Z,UCZcCmWhvK0gfThyWRmRerDQ,"""Äau xÃ³t"" 5 con Ä‘á» nghá»‹ tÃ²a pháº¡t cha Ã¡n tá»­ hÃ¬nh, nghe tÃ²a tuyÃªn Ã¡n khiáº¿n ai cÅ©ng báº¥t ngá»",CUá»˜C Sá»NG 24H,"['cuá»™c sá»‘ng 24h', 'cuá»™c sá»‘ng', 'tin tá»©c 24h', '24h', 'tin má»›i', 'tin má»›i nháº¥t', 'tin tá»©c', 'tin tá»©c má»›i nháº¥t', 'tin tá»©c hÃ´m nay', 'tin tuc moi nhat', 'tiÃªu Ä‘iá»ƒm quá»‘c táº¿', 'vtc', 'vtc now', 'antv', 'thá»i sá»± 19h', 'vtv1', 'vtv24', 'tin tháº¿ giá»›i', 'thá»i sá»± quá»‘c táº¿', 'tÃ¢m Ä‘iá»ƒm tháº¿ giá»›i', 'tin nÃ³ng quá»‘c táº¿', 'thá»i sá»± trong nÆ°á»›c', 'vá»¥ Ã¡n cháº¥n Ä‘á»™ng', 'chuyá»‡n láº¡', '5 con Ä‘Ã²i tá»­ hÃ¬nh cha', 'con Ä‘Ã²i tá»­ hÃ¬nh cha Ä‘áº»', 'bi ká»‹ch gia Ä‘Ã¬nh', '5 con Ä‘Ã²i tá»­ hÃ¬nh cha Ä‘áº»', '5 con Ä‘á» nghá»‹ pháº¡t cha Ã¡n tá»­ hÃ¬nh', 'ngÆ°á»i cha sÃ¡t nhÃ¢n', 'vá»¥ Ã¡n chá»“ng sÃ¡t háº¡i vá»£']",PT8M2S,2d,hd,false,True,{},rectangular,1150548,13243,0,1
aDdwLdWOQLw,2023-11-15T16:51:05Z,UCSfL291fDipxp_mbKX5ZZ2w,Ã”ng LÆ°u BÃ¬nh NhÆ°á»¡ng bá»‹ báº¯t cÃ³ lá»£i cho ai vÃ  há»‡ quáº£ lÃ  gÃ¬?,RFA Tiáº¿ng Viá»‡t,"['Vietnam', 'Radio Free Asia', 'News', 'tin tá»©c', 'RFAVietnamese', 'RFATiengViet', 'RFAVietnam', 'ÄÃ i Ã ChÃ¢u Tá»± Do']",PT41M56S,2d,hd,false,False,{},rectangular,322672,5693,0,1632
27YYphjNb48,2023-11-04T04:45:08Z,UCwn96A46mCiH1caoMhWfyBQ,Halloween á»Ÿ nÆ°á»›c ngoÃ i vÃ  á»Ÿ Viá»‡t Nam,Äá»— Äáº¡t Official,"['Ä‘á»— Ä‘áº¡t', 'do dat', 'Ä‘á»— tiáº¿n Ä‘áº¡t', 'Ä‘á»— Ä‘áº¡t official', 'tik tok', 'tiktok', 'Ä‘á»— Ä‘áº¡t tiktok', 'do dat tiktok', 'tiktok Ä‘á»— Ä‘áº¡t', 'Ä‘áº¡t Ä‘á»—', 'hÃ i', 'hÃ i tiktok', 'tiktok hÃ i', 'hÃ i hÆ°á»›c', 'tiktok hÃ i hÆ°á»›c', 'giáº£i trÃ­', 'tiktok giáº£i trÃ­', 'hÃ i ngáº¯n', 'phim hÃ i', 'hÃ i ngáº¯n tiktok', 'phim hÃ i tiktok', 'hÃ i ngáº¯n hay nháº¥t', 'hÃ i ngáº¯n má»›i nháº¥t', 'chuyá»‡n hÃ i tik tok', 'hÃ i tá»•ng há»£p', 'shorts', 'halloween', 'halloween á»Ÿ nÆ°á»›c ngoÃ i vÃ  viá»‡t nam', 'nÆ°á»›c ngoÃ i vÃ  viá»‡t nam']",PT1M,2d,hd,false,True,{},rectangular,6121115,168266,0,1007
GU-m7-AYKlg,2023-11-16T04:00:08Z,UCp6PchFsCg582xw6gEjpzVA,CÃ´ng an tÃ¬m tháº¥y gÃ¬ khi khÃ¡m nhÃ  Ã´ng LÆ°u BÃ¬nh NhÆ°á»¡ng? | Tin nhanh,BÃ¡o PhÃ¡p Luáº­t TP HCM,"['Bao Phap Luat', 'PLO', 'Phap Luat TP.HCM', 'tin tuc', 'news', 'thoi su moi nhat', 'Phap Luat', 'Bao Phap Luat TP.HCM', 'thong tin moi', 'tin moi nhat', 'thong tin moi nhat', 'Truyen hinh bao Phap Luat TP.HCM', 'vá»¥ Ã¡n', 'vá»¥ Ã¡n má»›i nháº¥t', 'htpa', 'hÃ nh trÃ¬nh phÃ¡ Ã¡n 2023', 'há»“ sÆ¡ vá»¥ Ã¡n', 'trÃ¹m báº£o kÃª thÃ¡i bÃ¬nh', 'lÆ°u bÃ¬nh nhÆ°á»¡ng', 'báº¯t Ã´ng lÆ°u bÃ¬nh nhÆ°á»¡ng', 'Ä‘áº¡i biá»ƒu quá»‘c há»™i lÆ°u bÃ¬nh nhÆ°á»¡ng', 'khá»Ÿi tá»‘ báº¯t táº¡m giam Ã´ng lÆ°u bÃ¬nh nhÆ°á»¡ng', 'Ã´ng lÆ°u bÃ¬nh nhÆ°á»¡ng cÆ°á»¡ng Ä‘oáº¡t tÃ i sáº£n', 'khÃ¡m nhÃ  Ã´ng lÆ°u bÃ¬nh nhÆ°á»¡ng']",PT9M5S,2d,hd,false,True,{},rectangular,366479,3112,0,0
Hk28n67m_Xo,2023-11-13T10:15:00Z,UCuNfWyYw1Ws9yzev3k7N3Kg,Miá»‡ng LÆ°á»¡i ThiÃªn Háº¡... || NhÃ£ BÃ© Báº¯p,NhÃ£ BÃ© Báº¯p,"['nhÃ£ bÃ© báº¯p', 'nha be bap', 'rubik bmt', 'rubikbmt', 'nhÃ£ bÃ© báº¯p vÃ  anh thÃ´ng', 'nhÃ£ bÃ© báº¯p vÃ  anh há»', 'báº¡n trai nhÃ£ bÃ© báº¯p', 'NHÃƒ BÃ‰ Báº®P', 'NhÃ£ BÃ© Báº¯p', 'nhÃ£ bÃ© báº¯p Ä‘i du há»c', 'du há»c má»¹', 'rubik', 'chÆ¡i rubik', 'hot tiktok', 'tiktoker', 'tik tok', 'hiha', 'tiktok', 'nhÃ  bÃ© báº¯p', 'bÃ© báº¯p', 'cÃ³ máº¹ lÃ  ngÆ°á»i viá»‡t nam', 'máº¹', 'series vá» máº¹', 'nhÃ£', 'bÃ©', 'báº¯p', 'nhÃ£ bÃ© báº¯p anh thÃ´ng', 'thÃ´ng rubik', 'nha be bap va anh thong', 'thong rubik', 'thong rubik bmt', 'nhÃ£ bÃ© báº¯p qua má»¹', 'máº¹ lÃ  ngÆ°á»i viá»‡t', 'sá»‘c vÄƒn hÃ³a', 'cuá»™c sá»‘ng á»Ÿ má»¹', 'sá»‘c vÄƒn hÃ³a má»¹']",PT51S,2d,hd,false,True,{},rectangular,1068156,42826,0,207
X7EwF_5as9I,2023-11-10T14:00:11Z,UC2Lgi2uPsOcCVF3imz7l2mg,"Ca SÄ© Máº·t Náº¡ MÃ¹a 2-Táº­p 14: Anh ChÆ°a ThÆ°Æ¡ng Em Äáº¿n Váº­y ÄÃ¢u tÃ¡i xuáº¥t pháº§n 2, Voi mang Ä‘áº¿n sÃ¡ng tÃ¡c má»›i",Vie GIáº¢ITRÃ,"['vie giai tri', 'giai tri tv', 'vie channel', 'htv2', 'the masked singer vietnam', 'the masked singer viá»‡t nam', 'the masked singer', 'mask singer', 'king of mask singer vietnam', 'ca sÄ© máº·t náº¡', 'vocalist', 'vocal', 'ballad', 'the masked singer mÃ¹a 2', 'ca sÄ© máº·t náº¡ mÃ¹a 2', 'mascot', 'mascot ca sÄ© máº·t náº¡', 'tráº¥n thÃ nh', 'tÃ³c tiÃªn', 'bÃ­ch phÆ°Æ¡ng', 'ngÃ´ kiáº¿n huy', 'ca sÄ© máº·t náº¡ mÃ¹a 2 táº­p 14', 'táº­p 14 ca sÄ© máº·t náº¡', 'the masked singer táº­p 14', 'ca sÄ© máº·t náº¡ táº­p', 'ca sÄ© máº·t náº¡ full', 'the masked singer vietnam mÃ¹a 2', 'há»©a kim tuyá»n']",PT2H20M22S,2d,hd,true,True,{},rectangular,3816866,12974,0,3890
WM1ET_08V9s,2023-11-10T12:30:08Z,UCyjEHiz7k315xJkBrFtQViw,"Tá» TÃ¬nh HoÃ n Má»¹ MÃ¹a 2 Táº­p 16 P1: LÃ¢m KhÃ¡nh Chi ""ngÄƒn cáº£n"" Má»¸ NHÃ‚N CHUYá»‚N GIá»šI quay láº¡i vá»›i ngÆ°á»i cÅ©?",Háº¹n HÃ² HoÃ n Má»¹,"['háº¹n hÃ² hoÃ n má»¹', 'tá» tÃ¬nh hoÃ n má»¹', 'ngÃ´n tÃ¬nh hoÃ n má»¹', 'show háº¹n hÃ²', 'tá» tÃ¬nh', 'vÃ¬ yÃªu mÃ  Ä‘áº¿n', 'tÃ¬nh yÃªu hoÃ n má»¹', 'tá» tÃ¬nh hoÃ n má»¹ mÃ¹a 2', 'tá» tÃ¬nh hoÃ n má»¹ táº­p 16', 'tá» tÃ¬nh hoÃ n má»¹ táº­p 16 mÃ¹a 2', 'tá» tÃ¬nh táº­p 16', 'táº­p 16 pháº§n 1 tá» tÃ¬nh hoÃ n má»¹', 'tá» tÃ¬nh pháº§n 1 táº­p 16', 'háº¹n hÃ² hoÃ n má»¹ táº­p 16', 'Má»¹m Tráº§n táº­p 16', 'LÃ¢m KhÃ¡nh Chi thuyáº¿t phá»¥c Lohan giÃ nh láº¥y tÃ¬nh yÃªu cá»§a Má»¹m Tráº§n', 'lÃ¢m khÃ¡nh chi tá» tÃ¬nh', 'lÃ¢m khÃ¡nh chi tá» tÃ¬nh hoÃ n má»¹', 'Ã¢m KhÃ¡nh Chi ngÄƒn cáº£n', 'Má»¸', 'NHÃ‚N', 'CHUYá»‚N', 'GIá»šI', 'quay', 'láº¡i', 'vá»›i', 'ngÆ°á»i', 'cÅ©?']",PT1H25M8S,2d,hd,false,True,{},rectangular,854123,7702,0,709
AhOO2L6BI7Q,2023-11-16T10:06:35Z,UCOOnw7df5NTnYk5Rjb5Gl1Q,Chaukhadi2107 | Nhá»¯ng chiáº¿c bÃºt Ä‘á»™c láº¡ #shorts #diy #fyp #viral #studywithme,ChÃ¢u Kháº£ Di,"['chÃ¢u kháº£ di', 'tiktok chÃ¢u kháº£ di', 'chÃ¢u kháº£ di bullet journal', 'chÃ¢u kháº£ di trang trÃ­ sá»•', 'bullet journal', 'trang trÃ­ sá»•', 'trang trÃ­ sá»• tay', 'cÃ¡ch trang trÃ­ sá»• tay', 'bullet journal setup', 'bullet journal ideas', 'how to bullet journal', 'cÃ¡ch trang trÃ­ sá»•', 'trang trÃ­ sá»• báº±ng sticker', 'trang trÃ­ sá»• tay Ä‘Æ¡n giáº£n', 'bullet journal Ä‘Æ¡n giáº£n', 'cÃ¡ch lÃ m bullet journal', 'plan with me', 'trang trÃ­ sá»• tiktok', 'bullet journal tiktok', 'tiktok trang trÃ­ sá»•', 'decor notebook', 'chau kha di', 'chÃ¢u kháº£ di tiktok']",PT46S,2d,hd,false,True,{},rectangular,467717,15192,0,61
pVyyAZjH_K8,2023-11-17T11:19:08Z,UCD9CTJiGXnrzGj4Mz7_eRgw,What about meğŸ˜¢? Doge Gaming #shorts #bloxfruits #bloxfruit,Doge Gaming,"['roblox', 'blox fruits', 'roblox blox fruit', 'blox fruit', 'roblox story', 'roblox gameplay', 'doge roblox', 'doge', 'lv max blox fruit update 18', 'lv max blox fruit', 'bounty hunting', 'bounty hunting blox fruits', 'trÃ¡i Ã¡c quá»·', 'roblox one piece', 'blox fruits update', 'leopard', 'memes random', 'roblox blox fruits', 'blox piece', 'trÃ¡i Ã¡c quá»· blox fruits', 'dragon fruit blox fruit', 'cÃ¡ch báº¡n thá»±c sá»± chÆ¡i', 'phoenix', 'blox fruits roblox', 'dough v2', 'raid dough', 'pro help noob bloxfruit', 'race v2 blox fruit']",PT24S,2d,hd,false,True,{},rectangular,933748,112613,0,1545
Tt5vFAPWxl4,2023-11-12T14:30:11Z,UCkTDUvYWhPaanCn43GA-SCg,Cuá»‘i Tuáº§n Tuyá»‡t Vá»i | Táº­p 3: GIN TUáº¤N KIá»†T bá»‹ TRÆ¯á»œNG GIANG DIá»†U NHI cÃ  khá»‹a vÃ¬ luÃ´n nháº¯c cá»¥c vá»£ PUKA,ALO Media Entertainment,"['cuá»‘i tuáº§n tuyá»‡t vá»i', 'cuoi tuan tuyet voi', 'cuá»‘i tuáº§n tuyá»‡t vá»›i táº­p 3', 'cuoi tuan tuyet voi tap 3', 'amazing saturday', 'amazing saturday 2023', 'cuá»‘i tuáº§n tuyá»‡t vá»i trÆ°á»ng giang', 'cuá»‘i tuáº§n tuyá»‡t vá»i Ä‘á»©c phÃºc', 'trÆ°á»ng giang cuá»‘i tuáº§n tuyá»‡t vá»i', 'alo media entertainment', 'amazing saturday vietnam', 'cuá»‘i tuáº§n tuyá»‡t vá»i tiáº¿n luáº­t', 'quang trung cuá»‘i tuáº§n tuyá»‡t vá»i', 'jun pháº¡m cuá»‘i tuáº§n tuyá»‡t vá»i', 'trÆ°á»ng giang', 'Ä‘á»©c phÃºc', 'chá»‹ Ä‘áº¹p diá»‡u nhi', 'tiáº¿n luáº­t', 'gin tuáº¥n kiá»‡t', 'thiá»u báº£o trÃ¢m', 'ginpu', 'gin puka']",PT1H14M39S,2d,hd,false,True,{},rectangular,851913,17005,0,1143
EyKGymeH2wo,2023-11-17T09:30:04Z,UC6ik7KPV5oL914e4LkpQMpA,ã€é¬¥ç¾…å¤§é™¸ã€‘æ•²ä¸€æ•²å°±æœ‰é»å¿ƒï¼ #é¬¥ç¾…å¤§é™¸#å”ä¸‰#å°èˆ,æ¢“ä¿Šä¸å”ä¸‰,"['æ–—ç½—å¤§é™†', 'cos', 'å‰§æƒ…', 'å”ä¸‰', 'å°èˆ', 'æ‚¬ç–‘', 'åè½¬', 'å¥—è·¯']",PT27S,2d,hd,false,True,{},rectangular,3135177,51157,0,29
iq_UFyPkmKE,2023-11-12T19:07:14Z,UC9xeuekJd88ku9LDcmGdUOA,"CHELSEA - MAN CITY: CUá»˜C RÆ¯á»¢T ÄUá»”I ÄIÃŠN Rá»’, HAALAND CÃš ÄÃšP, NGÆ¯á»œI CÅ¨ GIEO Sáº¦U | NGOáº I Háº NG ANH 23-24",Kplus Sports,"['K+', 'Truyá»n hÃ¬nh K+', 'k+ Sports', 'kplus', 'kplus sports', 'bÃ³ng Ä‘Ã¡', 'tin bÃ³ng Ä‘Ã¡', 'tin thá»ƒ thao', 'bÃ³ng Ä‘Ã¡ ngoáº¡i háº¡ng anh', 'ngoáº¡i háº¡ng anh', 'ngoai hang anh', 'ngoáº¡i háº¡ng anh 2022 2023', 'premier league', 'premier league 2022 2023', 'highlights ngoáº¡i háº¡ng anh', 'champions league', 'manchester united', 'man city', 'chelsea', 'man united', 'liverpool', 'tottenham', 'arsenal', 'fpt bÃ³ng Ä‘Ã¡', 'Harry Maguire', 'Erling Haaland', 'Pep Guardiola', 'Derby Manchester', 'CÃºp c1', 'epl', 'cÃºp c2', 'xem bÃ³ng Ä‘Ã¡', 'highlight']",PT12M31S,2d,hd,false,True,{},rectangular,3134711,33130,0,3589
EDn0CBr_A3o,2023-11-16T08:03:47Z,UCpoNfKwZbecrcFpzm0ET4uw,Tiáº¿n sÄ© LÆ°u BÃ¬nh NhÆ°á»¡ng Ä‘Ã£ phÃ¡t biá»ƒu gÃ¬ vÃ  lÃ½ do bá»‹ báº¯t lÃºc nÃ y? - BBC News Tiáº¿ng Viá»‡t,BBC News Tiáº¿ng Viá»‡t,,PT3M48S,2d,hd,false,True,{},rectangular,479777,2540,0,820
t06DlMd4Kio,2023-11-17T03:14:49Z,UCSwvDNqqUsqMhiGwoYKTp5A,Tá»•ng TÃ i Äi Xem Máº¯t Gáº·p CÃ´ NÃ ng Ngá»• NgÃ¡o Rá»“i CÆ°á»›i LuÃ´n LÃ m Vá»£ CÆ°ng Chiá»u Háº¿t Má»±c,ThiÃªn Kim Review,"['review phim', 'tÃ³m táº¯t phim', 'phim ngáº¯n trung quá»‘c', 'phim lá»“ng tiáº¿ng', 'phim ngáº¯n', 'phim drama', 'review phim trung quá»‘c', 'review phim hÃ n', 'ká»‹ch ngáº¯n reivew', 'ká»‹ch dÃ i review', 'phim ngáº¯n trung quá»‘c hay']",PT2H40M36S,2d,hd,false,True,{},rectangular,389673,4414,0,160
meEUbqh35fs,2023-11-04T07:15:01Z,UCnbbGVLEKgBnwGxHro0eD1w,Thá»£ SÄƒn Zombie VÃ  Sá»± Trá»Ÿ Láº¡i Cá»§a XÃ¡c Sá»‘ng || Zombie gets revenge on killer #shorts,Bon Bon Media,"['hÆ°ng tino tivi', 'hÆ°ng tino tv', 'phim cá»• tÃ­ch', 'cá»• tÃ­ch Ä‘á»i thá»±c', 'phim Ä‘á»i thá»±c', 'thu hiá»n tivi', 'trung há»c du kÃ½', 'bon bon media', 'shorts', 'tik tok vui nhá»™n', 'shorts troll', 'XÃ¡c Sá»‘ng', 'thá»£ sÄƒn zombie', 'sá»± trá»Ÿ láº¡i cá»§a xÃ¡c sá»‘ng', 'zombie gets revenge on killer']",PT59S,2d,hd,false,True,{},rectangular,37028749,,0,394
9X6wudk9Up4,2023-11-12T03:00:04Z,UCpI7A5Zz-FdH_8TUir2DQ9g,Anh Ba Pháº£i | Thá»­ ThÃ¡ch 25H Cáº¯m Tráº¡i NhÃ  Hoang - Äáº¥u GiÃ¡ Láº¥y Äá»“ Ä‚n,Anh Ba Pháº£i TV,"['anh ba phai tv', 'anh ba pháº£i tv', 'anh ba pháº£i tv táº­p má»›i nháº¥t', 'video má»›i nháº¥t cá»§a anh ba pháº£i tv', 'team anh ba pháº£i tv', 'ba pháº£i tv', 'anh ba pháº£i vlogs', 'anh ba pháº£i cáº¯m tráº¡i', 'anh ba pháº£i cáº¯m tráº¡i nhÃ  hoang Ä‘áº¥u giÃ¡ láº¥y Ä‘á»“ Äƒn', 'anh ba pháº£i 24h cáº¯m tráº¡i nhÃ  hoang', 'cáº¯m tráº¡i nhÃ  hoang Ä‘áº¥u giÃ¡', 'cáº¯m tráº¡i Ä‘áº¥u giÃ¡ táº­p 8 cá»§a anh ba pháº£i', 'camping challenge', '24h cáº¯m tráº¡i Ä‘áº¥u BD táº­p 8', 'anh ba pháº£i 25h cáº¯m tráº¡i nhÃ  hoang Ä‘áº¥u giÃ¡', '25h', '25h cáº¯m tráº¡i Ä‘áº¥u giÃ¡', '25h cáº¯m tráº¡i nhÃ  hoang']",PT1H56M53S,2d,hd,false,True,{},rectangular,1460063,32698,0,1173
nmQ8b7cYQ6E,2023-11-15T10:15:23Z,UCPhPBJ3qE719TgLYVcNY8yg,"Ã”ng LÆ°u BÃ¬nh NhÆ°á»¡ng hiá»‡n giá»¯ chá»©c vá»¥ gÃ¬ trÆ°á»›c khi bá»‹ báº¯t, cÃ²n lÃ m Äáº¡i biá»ƒu Quá»‘c há»™i khÃ´ng? | TP",Tiá»n Phong TV,"['tiá»n phong', 'tiá»n phong tv', 'tienphong', 'tin nÃ³ng tiá»n phong', 'tien phong tv', 'tin tá»©c', 'tin tá»©c 24h', 'tin tá»©c 24h má»›i', 'tin viá»‡t nam', 'thá»i sá»±', 'Ã´ng lÆ°u bÃ¬nh nhÆ°á»¡ng', 'lÆ°u bÃ¬nh nhÆ°á»¡ng', 'cÆ°á»¡ng Ä‘oáº¡t tÃ i sáº£n', 'báº¯t táº¡m giam Ã´ng lÆ°u bÃ¬nh nhÆ°á»¡ng', 'Ã´ng lÆ°u bÃ¬nh nhÆ°á»¡ng lÃ  ai', 'vá»¥ Ã´ng lÆ°u bÃ¬nh nhÆ°á»¡ng bá»‹ báº¯t', 'Ã´ng lÆ°u bÃ¬nh nhÆ°á»¡ng bá»‹ báº¯t táº¡m giam', 'Ã´ng lÆ°u bÃ¬nh nhÆ°á»¡ng bá»‹ báº¯t táº¡m giam vá» tá»™i cÆ°á»¡ng Ä‘oáº¡t tÃ i sáº£n', 'hÃ nh vi cÆ°á»¡ng Ä‘oáº¡t tÃ i sáº£n', 'phÃ³ trÆ°á»Ÿng ban dÃ¢n nguyá»‡n cá»§a á»§y ban thÆ°á»ng vá»¥ quá»‘c há»™i']",PT8M2S,2d,hd,false,True,{},rectangular,551645,2081,0,3
J7i8-JMKU2U,2023-11-08T15:11:00Z,UC_Ba9vCsY19LF7-gc46lWQQ,Make a Minecraft window with me ğŸ™Œ #shorts,Cosmo Guy,,PT15S,2d,hd,false,True,{},rectangular,33116744,1069983,0,8092
1o_BTt0cY_0,2023-11-09T12:30:08Z,UCIg56SgvoZF8Qg0Jx_gh6Pg,"Ká»ŠCH TÃNH láº§n tÃ¬m, tÃ³m gá»n â€˜Ã´ng trÃ¹mâ€™ tiá»n giáº£ tá»« bÃ i Ä‘Äƒng facebook | Há»“ sÆ¡ vá»¥ Ã¡n má»›i nháº¥t 2023",ANTV - Truyá»n hÃ¬nh CÃ´ng an NhÃ¢n dÃ¢n,"['tiá»n giáº£', 'báº¯t Ã´ng trÃ¹m', 'Ã´ng trÃ¹m sáº£n xuáº¥t tiá»n giáº£', 'triá»‡t phÃ¡ Ä‘Æ°á»ng dÃ¢y sáº£n xuáº¥t', 'buÃ´n bÃ¡n tiá»n giáº£', 'báº¯t Ã´ng trÃ¹m sáº£n xuáº¥t tiá»n giáº£', 'tá»‘ giÃ¡c tá»™i pháº¡m', 'ká»‹ch tÃ­nh vá»¥ báº¯t Ã´ng trÃ¹m', 'sáº£n xuáº¥t tiá»n giáº£ tá»« bÃ i Ä‘Äƒng facebook', 'lÃª bÃ¡ toÃ n sáº£n xuáº¥t tiá»n giáº£', 'phÃ¡ Ã¡n', 'cÃ´ng an phÃ¡ Ã¡n', 'Ä‘iá»u tra phÃ¡ Ã¡n', 'hÃ nh trÃ¬nh phÃ¡ Ã¡n', 'há»“ sÆ¡ vá»¥ Ã¡n', 'há»“ sÆ¡ vá»¥ Ã¡n hÃ´m nay', 'há»“ sÆ¡ vá»¥ Ã¡n antv', 'antv', 'truyá»n hÃ¬nh cÃ´ng an nhÃ¢n dÃ¢n', 'thcand', 'truyen hinh cong an nhan dan']",PT23M39S,2d,hd,false,True,{},rectangular,1096703,4231,0,302
rJabgOChWiM,2023-11-05T02:00:19Z,UC2fu6CiFfNYz5UFORvFyc0w,KhÃ³a Ly Biá»‡t - Voi Báº£n ÄÃ´n | The Masked Singer Vietnam 2023 [Audio Lyric],Vie Channel - MUSIC,"['htv2', 'vie channel', 'music vie channel', 'the masked singer vietnam', 'the masked singer viá»‡t nam', 'the masked singer', 'ca sÄ© máº·t náº¡', 'the masked singer mÃ¹a 2', 'ca sÄ© máº·t náº¡ mÃ¹a 2', 'mascot ca sÄ© máº·t náº¡', 'tráº¥n thÃ nh', 'tÃ³c tiÃªn', 'ngÃ´ kiáº¿n huy', 'the masked singer vietnam mÃ¹a 2', 'ca sÄ© máº·t náº¡ táº­p 13', 'voi báº£n Ä‘Ã´n the masked singer', 'khÃ³a ly biá»‡t voi báº£n Ä‘Ã´n ca sÄ© máº·t náº¡', 'khÃ³a ly biá»‡t voi báº£n Ä‘Ã´n the masked singer', 'voi báº£n Ä‘Ã´n khÃ³a ly biá»‡t the masked singer', 'voi báº£n Ä‘Ã´n khÃ³a ly biá»‡t ca sÄ© máº·t náº¡']",PT5M40S,2d,hd,false,True,{},rectangular,2191436,9913,0,980
oM4Sqp_TgAM,2023-11-07T03:00:22Z,UCWEf5lJDJTmZXnqWnBadi6A,NhÃ¢n BiBi VÃ  CÃ¡c Báº¡n HÃ£y GiÃºp ChÃº Cáº£nh SÃ¡t Tv Man Báº¯t ÄÆ°á»£c Skibidi Toilet,NhÃ¢n BiBi,"['nhÃ¢n bibi', 'nhan bibi', 'nhÃ¢n bibi shorts', 'shorts', 'siÃªu nhÃ¢n', 'anh nhÃ¢n bibi', '#nhanbibi', 'skibidi toilet', 'tv man', 'chÃº cáº£nh sÃ¡t', 'giÃºp Ä‘á»¡ chÃº cáº£nh sÃ¡t']",PT28S,2d,hd,false,True,{},rectangular,2735038,158026,0,91
XXDYwfujk4Q,2023-11-16T09:30:11Z,UCD09NCZlzMj4yGvGkLbuBpw,2 CÃ¡nh Cá»•ng Gá»— á» QuÃª Ã”ng LÆ°u BÃ¬nh NhÆ°á»¡ng CÃ³ GÃ¬ Äáº·c Biá»‡t MÃ  Bá»‹ CA Láº­p BiÃªn Báº£n Sau Khi KhÃ¡m XÃ©t?|SKÄS,BÃ¡o Sá»©c khoáº» & Äá»i sá»‘ng,"['bÃ¡o sá»©c khá»e vÃ  Ä‘á»i sá»‘ng', 'sá»©c khá»e vÃ  Ä‘á»i sá»‘ng', 'skÄ‘s', 'skds', 'suc khoe doi song', 'bao suc khoe va doi song', 'Ã´ng lÆ°u bÃ¬nh nhÆ°á»¡ng', 'lÆ°u bÃ¬nh nhÆ°á»¡ng', 'báº¯t táº¡m giam Ã´ng lÆ°u bÃ¬nh nhÆ°á»¡ng', 'Ã´ng lÆ°u bÃ¬nh nhÆ°á»¡ng lÃ  ai', 'vá»¥ Ã´ng lÆ°u bÃ¬nh nhÆ°á»¡ng bá»‹ báº¯t', 'Ã´ng lÆ°u bÃ¬nh nhÆ°á»¡ng bá»‹ báº¯t táº¡m giam', 'cÆ°á»ng quáº¯t', 'hÃ nh vi cÆ°á»¡ng Ä‘oáº¡t tÃ i sáº£n', 'phÃ³ trÆ°á»Ÿng ban dÃ¢n nguyá»‡n cá»§a á»§y ban thÆ°á»ng vá»¥ quá»‘c há»™i', 'cÆ°á»ng quáº¯t liÃªn quan vá»¥ Ã´ng lÆ°u bÃ¬nh nhÆ°á»¡ng bá»‹ báº¯t', 'láº­p biÃªn báº£n 2 cÃ¡nh cá»­a gá»— á»Ÿ quÃª Ã´ng lÆ°u bÃ¬nh nhÆ°á»¡ng']",PT8M33S,2d,hd,false,True,{},rectangular,539005,2322,0,0
7qf0HrBi5jA,2023-11-12T16:21:11Z,UCpnQwjzvDm1MOMtZV2zkVpA,DCG VS ONE | BRU VS VCF | ONE VS VCF | Lá»„ Bá» THÄ‚M CHIA Báº¢NG AIC 2023,LiÃªn QuÃ¢n Mobile eSports-Garena,"['garena liÃªn quÃ¢n', 'liÃªn quÃ¢n mobile', 'liÃªn quÃ¢n', 'arena of valor', 'Ä‘áº¥u trÆ°á»ng danh vá»ng', 'garena liÃªn quÃ¢n mobile', 'aov', 'aov vn', 'garena', '#TuPhuongDaiChien #TPÄC2023 #GiaiDauCongDong #AoV #LienQuanMobile #Esports #TheThao', 'Tá»© PhÆ°Æ¡ng Äáº¡i Chiáº¿n', 'TPÄC', 'aic', 'aic 2023', 'worlds', 'worlds 2023', 'vcs', 'vcs lmht', 'lmht', 'team flash', 'bru', 'buriram united', 'esports', 't1', 't1 vs jdg', 'jdg', 'faker', 'xb', 'xuÃ¢n bÃ¡ch', 'fl xb', 'flash', 'judas', 'tdt esports', 'tdt']",PT9H7M1S,2d,hd,false,False,{},rectangular,1030075,5282,0,373
_0o3ECVV7C8,2023-11-11T09:45:03Z,UConnM5zwOP9vG_LPTYbRsAg,ğŸ”´[LIVE] Casting Tuyá»ƒn ThÃ nh ViÃªn Má»›i KÃªnh LÃ¢m TV,LÃ¢m Vlog,"['LÃ¢m Vlog', 'Lam Vlog', 'lamvlog', 'LÃ¢m', 'LAM', 'NgÆ°á»i Cuá»‘i CÃ¹ng Ngá»«ng Ä‚n BÃ¡nh Trung Thu NhÃ¢n Drama Cá»§a Vá»¹ Rá»i Khá»i Team', 'NgÆ°á»i Cuá»‘i CÃ¹ng Ngá»«ng Ä‚n BÃ¡nh Trung Thu NhÃ¢n Drama Cá»§a Vá»¹', 'Vá»¹ Rá»i Khá»i Team', 'Drama Vá»¹ Rá»i Khá»i Team', 'NgÆ°á»i Cuá»‘i CÃ¹ng Ngá»«ng Ä‚n BÃ¡nh Trung Thu NhÃ¢n Drama Vá»¹ Rá»i Khá»i Team', 'NgÆ°á»i Cuá»‘i CÃ¹ng Ngá»«ng Ä‚n BÃ¡nh Trung Thu', 'NgÆ°á»i Cuá»‘i CÃ¹ng', 'NgÆ°á»i Cuá»‘i CÃ¹ng Ngá»«ng Ä‚n', 'BÃ¡nh Trung Thu NhÃ¢n Drama', 'BÃ¡nh Trung Thu NhÃ¢n Drama Vá»¹ Rá»i Khá»i Team', 'Drama Vá»¹', 'Vá»¹ Rá»i Team LÃ¢m Vlog', 'Vá»¹ LÃ¢m Vlog', 'Vá»¹']",PT1H45M21S,2d,hd,false,True,{},rectangular,1411100,39845,0,3994
yHch1Y5IKbI,2023-10-29T13:40:11Z,UCFMEYTv6N64hIL9FlQ_hxBw,"2 NgÃ y 1 ÄÃªm MÃ¹a 2 | Táº­p 36: B Ray bá»‹ DÆ°Æ¡ng LÃ¢m phong áº¥n, BigDaddy hoÃ¡ nÃ ng tiÃªn cÃ¡ máº¯c cáº¡n",ÄÃ”NG TÃ‚Y PROMOTION OFFICIAL,"['dong tay promotion', 'Ä‘Ã´ng tÃ¢y promotion', 'htv', '2 ngÃ y 1 Ä‘Ãªm', '2 ngay 1 dem', '2 ngÃ y 1 Ä‘Ãªm viá»‡t nam', '2 ngay 1 dem viet nam', '2 days 1 night', '2N1Ä', 'chÆ°Æ¡ng trÃ¬nh thá»±c táº¿ 2023', 'trÆ°á»ng giang', 'truong giang', 'kiá»u minh tuáº¥n', 'cris phan', 'dÆ°Æ¡ng lÃ¢m', 'lÃª dÆ°Æ¡ng báº£o lÃ¢m', 'ngÃ´ kiáº¿n huy', 'HIEUTHUHAI', 'le duong bao lam', '2 ngÃ y 1 Ä‘Ãªm full', '2 ngÃ y 1 Ä‘Ãªm mÃ¹a 2', '2 ngay 1 dem mua 2', '2 ngÃ y 1 Ä‘Ãªm mÃ¹a 2 táº­p 36', '2 ngÃ y 1 Ä‘Ãªm táº­p 36', '2 ngay 1 dem tap 36', '2 ngay 1 dem mÃ¹a 2 tap 36', 'bray', 'bigdaddy', 'b ray']",PT1H21M1S,2d,hd,false,True,{},rectangular,9372298,91245,0,4468
J_pEJHpiBxk,2023-11-17T15:51:30Z,UCKgALVAg70mbC4SwhkyhvRw,[VN] KNOCKOUT STAGE - DAY 4 | FFWS 2023,Huyá»n Thoáº¡i Sinh Tá»“n - Free Fire Esports,"['garena free fire', 'huyen thoai sinh ton ff', 'huyá»n thoáº¡i sinh tá»“n free fire', 'free fire', 'ff Ä‘áº¥u giáº£i', 'garena free fire viá»‡t nam', 'ff', 'huyá»n thoáº¡i sinh tá»“n', 'giáº£i Ä‘áº¥u free fire', 'ff dau giai', 'htst', 'free fire Ä‘áº¥u giáº£i', 'FFSI', 'FFSI 2023', 'free fire live', 'free fire giáº£i Ä‘áº¥u', 'free fire highlight', 'trailer ffsi', 'P Esports', 'vÃ²ng báº£ng ffsi', 'free fire video', 'free fire event', 'free Fire live', 'live ffsi', 'FFWS2023Bangkok', 'OwntheGlory', 'Ma Gaming', 'PE', 'WAG', 'GOW', 'PE NERO', 'WAG THEGHOST', 'GOWDQUANG', 'RIKAKI']",PT4H21M26S,2d,hd,false,False,{},rectangular,292396,4442,0,100
pwAdpUU_JeA,2023-11-16T09:30:45Z,UCW2VpyLcDYZghyejDI7jzgA,"CÃ´ gÃ¡i bÃ¡n hÃ ng rong Ä‘i xem máº¯t nháº§m, khÃ´ng ngá» may máº¯n hÃºp Ä‘Æ°á»£c cÃ¡i mÃ¡y bÃ o tiá»n nghÃ¬n tá»·",ChÃ­ch Ká»«n Review Phim,"['review phim', 'tÃ³m táº¯t phim', 'review ká»‹ch ngáº¯n', 'review phim trung quá»‘c', 'review phim trung', 'review phim ngÃ´n tÃ¬nh', 'phim ngÃ´n tÃ¬nh trung quá»‘c', 'phim ngáº¯n trung quá»‘c', 'phim tÃ¬nh cáº£m']",PT3H34M35S,2d,hd,false,True,{},rectangular,339980,2697,0,71
gGMECS1E5zQ,2023-11-10T14:08:14Z,UCpnQwjzvDm1MOMtZV2zkVpA,ONE vs TDT l BRU vs FL l TDT vs FL - VÃ’NG TUYá»‚N CHá»ŒN AIC 2023 | NGÃ€Y 2 (10/11),LiÃªn QuÃ¢n Mobile eSports-Garena,"['garena liÃªn quÃ¢n', 'liÃªn quÃ¢n mobile', 'liÃªn quÃ¢n', 'arena of valor', 'Ä‘áº¥u trÆ°á»ng danh vá»ng', 'garena liÃªn quÃ¢n mobile', 'aov', 'aov vn', 'garena', '#TuPhuongDaiChien #TPÄC2023 #GiaiDauCongDong #AoV #LienQuanMobile #Esports #TheThao', 'Tá»© PhÆ°Æ¡ng Äáº¡i Chiáº¿n', 'TPÄC', 'aic', 'aic 2023', 'worlds', 'worlds 2023', 'vcs', 'vcs lmht', 'lmht', 'team flash', 'bru', 'buriram united', 'esports', 't1', 't1 vs jdg', 'jdg', 'faker', 'xb', 'xuÃ¢n bÃ¡ch', 'fl xb', 'flash', 'judas', 'tdt esports', 'tdt']",PT6H54M46S,2d,hd,false,False,{},rectangular,1470855,9195,0,243
fuQIeVyDLa0,2023-11-08T10:38:56Z,UCeYTfGpNCmVhlxjQxBDrGPA,GENIUS FOOD HACKS ğŸ‚ğŸ° #shorts,Mr DegrEE,"['jail', 'prison', 'funny', 'food', 'cake', 'hacks', 'life hacks', 'mr degree', 'shorts', 'mariana', 'genius', 'cool', 'idea', 'trick']",PT51S,2d,hd,false,True,{},rectangular,59758295,1003394,0,358
3Tistkt4JGo,2023-11-06T11:00:02Z,UCfj-5D-yEQT68XMUHI1NaqQ,Má»™t ngÃ y lÃ m ngÆ°á»i cao nháº¥t tháº¿ giá»›i sáº½ nhÆ° tháº¿ nÃ o? | NING #shorts #ning #ninhconghoang #haihuoc,Ninh CÃ´ng HoÃ ng,"['tiktok', 'ning', 'hoangcongning', 'ninh cÃ´ng hoÃ ng', 'ninh cong hoang', 'hoang cong ninh', 'hoÃ ng cÃ´ng ninh', 'ning tiktok', 'ning cong hoang tiktok', 'hÃ i hÆ°á»›c', 'thá»­ thÃ¡ch ninh cÃ´ng hoÃ ng', 'ninh cÃ´ng hoÃ ng tiktok', 'hÃ i hÆ°á»›c ninh cÃ´ng hoÃ ng', 'ningning', 'ning ning shorts', 'ning shorts', 'Ãº oÃ  dÃ¡m Äƒn trong giá» vÄƒn', 'táº¡i sao khÃ´ng nÃªn Äƒn trong giá» vÄƒn', 'táº¡i sao khÃ´ng nÃªn Äƒn trong giá» lÃ½', 'má»™t ngÃ y lÃ m ngÆ°á»i cao nháº¥t tháº¿ giá»›i', 'du lá»‹ch trung quá»‘c', 'cÃ´n minh', 'cÃ´n minh trung quá»‘c', 'ngÆ°á»i lÃ¹n á»Ÿ cÃ´n minh']",PT1M,2d,hd,false,True,{},rectangular,2571209,52822,0,98
rQdES4CfGnQ,2023-11-08T11:58:34Z,UC0jDoh3tVXCaqJ6oTve8ebA,FAPtv CÆ¡m Nguá»™i: Táº­p 295: Bá»™ Tá»™c VÃ´ Tri,FAPTV,,PT23M19S,2d,hd,false,True,{},rectangular,1596450,29738,0,929
hbC4rE4_H5M,2023-11-14T12:34:56Z,UCbEmgeA7bbgsBh2nOErifGw,Phun TÃ´ Bao NhiÃªu Trang ThÃ¬ Háº¿t Má»±c 1 CÃ¢y Marker? // Happy Hidari,Happy Hidari,"['happy hidari', 'hidari', 'hidari94', 'sticker', 'tiktok', 'tik tok', 'diy', 'do it yourself', 'makeover', 'bullet journal', 'decor', 'decoration', 'trang trÃ­ sá»•', 'washi tape', 'stationery haul', 'dá»¥ng cá»¥ trang trÃ­', 'dá»¥ng cá»¥ lÃ m bullet journal', 'tÃ´ mÃ u', 'gÃ³i hÃ ng', 'hÃ¬nh dÃ¡n', 'váº½ tranh', 'calligraphy', 'trend tik tok', 'tik tok trend', 'tuyá»ƒn táº­p tik tok', 'tá»•ng há»£p tik tok', 'tik tok má»›i nháº¥t', 'tik tok hay nháº¥t', 'shorts', 'má»±c marker', 'bÃºt marker', 'phun mÃ u', 'sÃºng phun mÃ u', 'marker drawing', 'marker pen']",PT46S,2d,hd,false,True,{},rectangular,538050,13452,0,70
XdOPjHSt9N0,2023-11-07T12:20:56Z,UCHFquFKNrfsK8FGa_dbFuNw,Tá»± nhiÃªn thÃ nh vÃ´ gia cÆ° ngang,MiNi Anti Official,"['nháº¡c cháº¿', 'nhac che', 'mini anti', 'nháº¡c cháº¿ hay', 'nhac che hay', 'mini', 'anti', 'mini anti official', 'parody', 'nhac che parody', 'nhac parody', 'anti mini', 'parody che']",PT20S,2d,hd,false,True,{},rectangular,1346272,45189,0,131
zepHPnUDROE,2023-10-25T13:00:52Z,UCtpX-hGGBtH2ZvVX9_5RwFg,WREN EVANS - Tá»ªNG QUEN | OFFICIAL AUDIO,Wren Evans Official,"['wren evans', 'tá»«ng quen', 'tung quen wren evans', 'tung quen', 'wren evans tung quen', 'wren evans tá»«ng quen', 'tá»«ng quen wren evans', 'wren tá»«ng quen', 'tá»«ng quen lyric', 'tá»«ng quen beat', 'tá»«ng quen guitar', 'tá»«ng quen cover', 'wren evans live', 'wren evans con dau', 'wren', 'wren evans thich em hoi nhieu', 'thÃ­ch em hÆ¡i nhiá»u wren evans', 'nháº¡c wren evans', 'gáº·p may wren evans', 'trao wren evans', 'wren song', 'viá»‡t kiá»u wren evans', 'viet kieu wren evans', 'anh tháº¥y wrens', 'anh thay wrens', 'cÆ¡n Ä‘au wren']",PT2M55S,2d,hd,true,True,{},rectangular,13309181,105636,0,1775
zvBOqpbibVU,2023-11-07T10:30:20Z,UCvbSpyvK5xS_tXyyW7qXM2w,Planker 3x3 RUBIK GÃ‚Y L.Ãš hÆ¡n cáº£ Rubik GÃ¢y L.Ãš cá»±c máº¡nhâ—ï¸,RUBIK BMT,,PT58S,2d,hd,false,True,{},rectangular,1847576,48573,0,110
K0x9c4kDEyA,2023-11-07T10:30:04Z,UC6ik7KPV5oL914e4LkpQMpA,ã€é¬¥ç¾…å¤§é™¸ã€‘å”ä¸‰æ€éº¼é€™éº¼ç¬¨ï¼Ÿ #é¬¥ç¾…å¤§é™¸#å”ä¸‰#å°èˆ #å”èˆæ¡,æ¢“ä¿Šä¸å”ä¸‰,"['æ–—ç½—å¤§é™†', 'cos', 'å‰§æƒ…', 'å”ä¸‰', 'å°èˆ', 'æ‚¬ç–‘', 'åè½¬', 'å¥—è·¯']",PT24S,2d,hd,false,True,{},rectangular,7411239,98300,0,34
D8VEhcPeSlc,2023-11-10T04:59:09Z,UCEf_Bc-KVd7onSeifS3py9g,aespa ì—ìŠ¤íŒŒ 'Drama' MV,SMTOWN,"['aespa', 'ì—ìŠ¤íŒŒ', 'drama', 'ë“œë¼ë§ˆ', 'Ã¦spa', 'teaser', 'í‹°ì €', 'mv', 'music video', 'ë®¤ì§ë¹„ë””ì˜¤', 'ì¹´ë¦¬ë‚˜', 'ì§€ì ¤', 'ìœˆí„°', 'ë‹ë‹', 'KARINA', 'GISELLE', 'WINTER', 'NINGNING']",PT3M48S,2d,hd,true,True,{},rectangular,53277873,851954,0,75839
vIgnPmmcSXs,2023-11-14T02:00:09Z,UCsSsgPaZ2GSmO6il8Cb5iGA,skibidi toilet 67 (part 3),DaFuq!?Boom!,"['skibidi meme', 'sfm animation', 'funny animation', 'gmod animation', 'skibidi toilet vs cameramen', 'titan cameraman', 'skibidi toilet', 'scientist skibidi', 'titan speakerman', 'titan tvman']",PT2M8S,2d,hd,false,True,{},rectangular,44069547,1901821,0,192171
VqQ9xfGgfvg,2023-10-29T13:30:16Z,UCh6snexfUrSdwKGuiyDSe5g,Báº¯t náº¡t cá»¥c cÆ°ng cá»§a chá»§ tá»‹ch =))))) #ciin #tiktok,CiiN BÃ¹i Tháº£o Ly,,PT1M,2d,hd,false,True,{},rectangular,59936590,3370848,0,11980
uA6f1IoUKs0,2023-11-16T04:15:39Z,UCTdxW3Si8aduSuZbzyR2jlw,72nd MISS UNIVERSE Preliminary Competition,Miss Universe,"['miss universe', 'Pageants', 'Pageant Tutorials', 'Beauty Pageants', 'Miss Universe Full Show', 'missuniverso', 'miss universe 2022', 'miss universo', 'makeup', 'makeup tutorial', 'makeup glam']",PT2H17M4S,2d,hd,false,True,{},rectangular,8204632,113701,0,10808
Sydi-bjp2eQ,2023-11-02T10:57:04Z,UCiLrRPwHWjfHljbV7r-77Ag,Con kiki nÃ³ liáº¿m cÃ¢y xÃºc xÃ­ch cá»§a bÃ  #haibadane #shorts,Hai bÃ  dÃ  nÃ¨,"['hai bÃ  dÃ  nÃ¨', 'hai bÃ  giÃ  nÃ¨', 'hai ba da ne', 'tiktok genz', 'tiktok hai bÃ  giÃ ', 'tiktok hai bÃ  dÃ ', 'hai bÃ  dÃ  tiktok', 'tiktok hÃ i hÆ°á»›c', 'tiktok hÃ i viá»‡t nam', 'hai bÃ  giÃ  chÃ¡y phá»‘', 'haibadane', 'tiktok trend', 'hai bÃ  giÃ  nÃ¨ khi cÃ³ bá»“', 'hai bÃ  giÃ  nÃ¨ cÃ¡i náº¿t Äƒn', 'hai bÃ  giÃ  nÃ¨ Ä‘Ã¡m cÆ°á»›i', 'phim hai bÃ  giÃ  nÃ¨', 'hÃ i ngáº¯n tiktok', 'hÃ i ngáº¯n', 'video hÃ i hÆ°á»›c', 'hÃ i tiktok 2023', 'tiktok hÃ i', 'troll', 'cÃ  khá»‹a cá»±c máº¡nh', 'tiktok hai bÃ  dÃ  bá»‹ troll', 'susu troll hai bÃ  dÃ ', 'tiktok susu troll hai bÃ  giÃ ']",PT31S,2d,hd,false,True,{},rectangular,5410800,88942,0,159
gRfEqmgo0Do,2023-11-06T14:00:35Z,UCMLfVa85wDQATfMqu1-LLTw,NgÃ i Äáº¡i sá»© PhÃ¡p Äƒn cÃ  cuá»‘ng Viá»‡t Nam | Will in Vietnam | #Shorts,Will in Vietnam,"['will in vietnam', 'will phÃ¡p', 'will vietnam', 'will', 'vietnam', 'will in vietnam tiktok', 'tiktok', 'tik tok', 'tiá»ƒu mÃ n tháº§u', 'tieu man thau', 'ngÆ°á»i nÆ°á»›c ngoÃ i', 'ngÆ°á»i nÆ°á»›c ngoÃ i á»Ÿ viá»‡t nam', 'foreigner in vietnam', 'ngÆ°á»i phÃ¡p á»Ÿ viá»‡t nam', 'áº©m thá»±c', 'áº©m thá»±c viá»‡t nam', 'ngÆ°á»i nÆ°á»›c ngoÃ i review áº©m thá»±c viá»‡t nam', 'food blogger', 'food reviewer', 'tÃ¢y nÃ³i tiáº¿ng viá»‡t', 'ngÆ°á»i phÃ¡p nÃ³i tiáº¿ng viá»‡t', 'ngÆ°á»i nÆ°á»›c ngoÃ i nÃ³i tiáº¿ng viá»‡t', 'vietnamese food', 'shorts', 'phÃ¡p', 'vietnam vlog', 'Ä‘áº¡i sá»© phÃ¡p', 'cÃ  cuá»‘ng viá»‡t nam']",PT42S,2d,hd,false,True,{},rectangular,1275446,36565,0,288
0G-4gxwJnoQ,2023-11-06T15:45:00Z,UCskoC1mx8DMcGq4_MpeAnzg,KhÃ´ng thá»ƒ Ä‘á»¡ ná»•i mÃ n quÃªn thoáº¡i Ä‘áº§y báº¥t ngá» cá»§a hai cÃ´ bÃ©,DQ Comedy,"['dien quan comedy', 'thÃ¡ch thá»©c danh hÃ i', 'thÃ¡ch thuc danh hai', 'thÃ¡ch thá»©c danh hÃ i hay nháº¥t', 'thach thuc danh hai hay nhat', 'thÃ¡ch thá»©c danh hÃ i má»›i nháº¥t', 'thÃ¡ch thuc danh hai moi nhat', 'hÃ i hay', 'hai hay', 'hÃ i má»›i nháº¥t', 'hai moi nhat', 'hÃ i tráº¥n thÃ nh', 'hai tran thanh', 'hÃ i trÆ°á»ng giang', 'hai truong giang', 'phim tráº¥n thÃ nh', 'phim tran thanh', 'Ä‘áº¥u trÆ°á»ng tiáº¿u lÃ¢m', 'dau truong tieu lam', 'hÃ i hay 2023', 'hai hay 2023', 'phim hÃ i táº¿t', 'phim hai tet']",PT55S,2d,hd,false,True,{},rectangular,913435,6609,0,18
QJ0A6a3HZEI,2023-11-05T03:00:09Z,UC-eBGSovPQOgmK11tLj_4oA,TÃ”I KHÃ”NG LÃ€M G.Ã.I | TRáº¦N THANH TÃ‚M #phimcucngan,PHIM Cá»°C NGáº®N,"['phimcucngan', 'phim cá»±c ngáº¯n', 'phim cuc ngan', 'cutoi', 'cá»§ tá»i', 'cu toi', 'mepodcast', 'me podcast', 'metaverseentertainment', 'metaverse entertainment', 'trinhtham', 'trinh thÃ¡m', 'trinh tham', 'conan', 'kinhdi', 'kinh dá»‹', 'kinh di', 'metv', 'shorts']",PT34S,2d,hd,false,True,{},rectangular,2185204,62182,0,824
I2U3K8f1eNQ,2023-11-06T09:01:21Z,UCW2VpyLcDYZghyejDI7jzgA,"CÃ´ gÃ¡i say rÆ°á»£u tÃ¬nh 1 Ä‘Ãªm vá»›i tá»•ng tÃ i, 9 thÃ¡ng 10 ngÃ y sau Ä‘áº» luÃ´n 1 phÃ¡t 6 Ä‘á»©a",ChÃ­ch Ká»«n Review Phim,"['review phim', 'tÃ³m táº¯t phim', 'review ká»‹ch ngáº¯n', 'review phim trung quá»‘c', 'review phim trung', 'review phim ngÃ´n tÃ¬nh', 'phim ngÃ´n tÃ¬nh trung quá»‘c', 'phim ngáº¯n trung quá»‘c', 'phim tÃ¬nh cáº£m']",PT2H34M38S,2d,hd,false,True,{},rectangular,1288773,6871,0,332
lvq1qcPhQms,2023-11-04T14:45:13Z,UCh_zF2FsiCflCPgYDudtcqg,"CHá»Š Äáº¸P Äáº P GIÃ“ Ráº¼ SÃ“NG 2023 | Táº¬P 2: ÄIá»‚M Sá» Lá»˜ DIá»†N, CHá»Š Äáº¸P NÃ€O Sáº¼ LÃ€ NGÆ¯á»œI â€œNáº®M QUYá»€Nâ€?",YEAH1 SHOW,"['yeah1 show', 'chá»‹ Ä‘áº¹p 2023', 'yeah1 show chá»‹ Ä‘áº¹p 2023', 'chi dep 2023', 'chá»‹ Ä‘áº¹p Ä‘áº¡p giÃ³ ráº½ sÃ³ng', 'chá»‹ Ä‘áº¹p Ä‘áº¡p giÃ³', 'Ä‘áº¡p giÃ³ 2023', 'Ä‘áº¡p giÃ³ ráº½ sÃ³ng', 'Ä‘áº¡p giÃ³ ráº½ sÃ³ng 2023', 'Ä‘áº¡p giÃ³ ráº½ sÃ³ng báº£n viá»‡t', 'chá»‹ Ä‘áº¹p Ä‘áº¡p giÃ³ ráº½ sÃ³ng 2023', 'chá»‹ Ä‘áº¹p', 'táº­p 2 chá»‹ Ä‘áº¹p', 'chá»‹ Ä‘áº¹p táº­p 2', 'Chá»‹ Äáº¹p Äáº¡p GiÃ³ Ráº½ SÃ³ng Táº­p 2', 'chá»‹ Ä‘áº¹p Ä‘áº¡p giÃ³ ráº½ sÃ³ng táº­p 2', 'táº­p 2 chá»‹ Ä‘áº¹p Ä‘áº¡p giÃ³ ráº½ sÃ³ng', 'diá»‡u nhi', 'lan ngá»c', 'má»¹ linh', 'há»“ng nhung', 'huyá»n baby', 'diá»‡p lÃ¢m anh', 'thu phÆ°Æ¡ng', 'uyÃªn linh', 'thÃ¡i trinh', 'hÆ°Æ¡ng ly cover']",PT1H44M31S,2d,hd,false,True,{},rectangular,2915328,38358,0,10173
uuAW-n8XJY4,2023-11-16T13:17:33Z,UCljFFNaQoJWeP91Bz4m_3bw,"HIGHLIGHTS: PHILIPPINES - VIá»†T NAM | VÄ‚N TOÃ€N, ÄÃŒNH Báº®C CÃ™NG Rá»°C SÃNG, KHá»I Äáº¦U Äáº¦Y THUáº¬N Lá»¢I",FPT BÃ³ng ÄÃ¡ Viá»‡t,"['fpt bÃ³ng Ä‘Ã¡ viá»‡t', 'highlights bÃ³ng Ä‘Ã¡', 'highlights', 'highlights bÃ³ng Ä‘Ã¡ hÃ´m nay', 'highlights philippines viá»‡t nam', 'highlights philippines vs viá»‡t nam', 'highlights philippines - viá»‡t nam', 'philippines viá»‡t nam', 'philippines - viá»‡t nam', 'philippines vs viá»‡t nam', 'highlights viá»‡t nam', 'highlights vÃ²ng loáº¡i world cup', 'viá»‡t nam vÃ²ng loáº¡i world cup', 'philippines viá»‡t nam vÃ²ng loáº¡i wc', 'viá»‡t nam', 'Ä‘á»™i tuyá»ƒn viá»‡t nam', 'highlights bÃ³ng Ä‘Ã¡ má»›i nháº¥t', 'highlights hÃ´m nay']",PT12M26S,2d,hd,false,True,{},rectangular,255396,,0,411
XFKbMZtNCaU,2023-11-03T07:00:18Z,UCgwkOh8CRaZITUPmF8VMb7A,Squid Game Clackers Level Max 5 Times Challenge Miss T Nick and Tani Winning Sqcry Teacher #shorts,Scary Short TV,"['Scary Teacher 3D', 'scary teacher game', 'game prank', 'funny', 'animation', 'scary teacher 3d game', 'ice scream', 'prank', 'scary teacher 3d troll', 'funny animation', 'cartoon', '3d', 'animated', 'shows', 'short films', 'funny animations', 'squid game', 'scary games', 'animation fans', 'education', 'school', 'cgi', 'classic cartoons', 'cgi movies', 'cgi cartoons', 'comedy', 'stories', 'random', 'memes', 'Movie', 'best', 'learning', 'video games', 'characters', 'rainbow', 'roblox', 'minecraft', 'toons', 'game toons', 'family', 'shorts', 'scary teacher shorts', 'shorts video']",PT55S,2d,hd,false,True,{},rectangular,45282377,811820,0,106
G15zc-DLtyM,2023-11-05T04:30:12Z,UC5COGWmYWCPZrsy0THJp4Ng,[NHáº C CHáº¾] -  Äáº¡i Tá»· Yáº¿n Pháº§n 5 | Tuna Lee,Tuna Lee,"['Tuna Lee', 'TunaLee', 'Yáº¿n Tun', 'Yen Tun', 'Chá»¥y Yáº¿n', 'Chuy Yen', 'nháº¡c cháº¿', 'parody', 'tuna lee nháº¡c cháº¿', 'Ä‘áº¡i tá»· yáº¿n', 'Ä‘áº¡i tá»·', 'há»c Ä‘Æ°á»ng', 'chá»‹ Ä‘áº¡i', 'há»c sinh', 'nháº¡c cháº¿ há»c sinh', 'Ä‘áº¡i tá»· yáº¿n pháº§n 5', 'pháº§n 5', 'Ä‘áº¡i tá»· yáº¿n p5']",PT8M29S,2d,hd,false,True,{},rectangular,3569284,18094,0,1382
80pYAG6XEhY,2023-11-03T12:00:08Z,UCe2WErsiKt-qb22nElJC-6Q,GÃ¡i xinh bá»‹ tÃ¬nh nhÃ¢n dáº¡y cho bÃ i há»c nhá»› Ä‘á»i #shorts #canhgiac,Cáº£nh GiÃ¡c,,PT54S,2d,hd,false,True,{},rectangular,1870841,9538,0,59
3flSLaSM4DQ,2023-11-04T10:00:03Z,UCMzFGyigts0zrVWJgxG_2CA,"Ra Ä‘Æ°á»ng anh lÃ  cÃ¡ máº­p, vá» nhÃ  anh cÅ©ng lÃ  cÃ¡ máº­p nhÆ°ng lÃ  cÃ¡ Baby Shark Ä‘Ãº Ä‘Ã¹ Ä‘u #fansiefamily",Fansie Family,"['fansie', 'fansie family', 'fansie channel', 'fansie tiktok', 'tiktok fansie family', 'tiktok', 'tik tok', 'shorts', 'nguyá»…n minh phÆ°Æ¡ng', 'minh phÆ°Æ¡ng fansie', 'fansie family vlog', 'family vlog', 'vlog', 'vlog gia Ä‘Ã¬nh', 'tiktok dance', 'tiktok dances 2023', 'tiktok 2023', 'trend tiktok 2023', 'hot tiktok', 'hot mom tiktok', 'couple', 'funny couple', 'tiktok couple', 'nháº£y tiktok', 'blackpink', 'lisa']",PT58S,2d,hd,false,True,{},rectangular,3041437,72247,0,88
NrPbD56_vjA,2023-11-11T14:55:09Z,UCpnQwjzvDm1MOMtZV2zkVpA,DCG vs VCF | ONE vs BRU | VCF vs TDT | BRU vs KG - VÃ’NG TUYá»‚N CHá»ŒN AIC 2023 | NGÃ€Y 3 (11/11),LiÃªn QuÃ¢n Mobile eSports-Garena,"['garena liÃªn quÃ¢n', 'liÃªn quÃ¢n mobile', 'liÃªn quÃ¢n', 'arena of valor', 'Ä‘áº¥u trÆ°á»ng danh vá»ng', 'garena liÃªn quÃ¢n mobile', 'aov', 'aov vn', 'garena', '#TuPhuongDaiChien #TPÄC2023 #GiaiDauCongDong #AoV #LienQuanMobile #Esports #TheThao', 'Tá»© PhÆ°Æ¡ng Äáº¡i Chiáº¿n', 'TPÄC', 'aic', 'aic 2023', 'worlds', 'worlds 2023', 'vcs', 'vcs lmht', 'lmht', 'team flash', 'bru', 'buriram united', 'esports', 't1', 't1 vs jdg', 'jdg', 'faker', 'xb', 'xuÃ¢n bÃ¡ch', 'fl xb', 'flash', 'judas', 'tdt esports', 'tdt']",PT7H36M51S,2d,hd,false,False,{},rectangular,866107,4773,0,103
BW5_7bs27mA,2023-11-09T05:00:05Z,UC_STX9XSCdObBUtY-65dw6A,Sá»± Tháº­t Vá» Ã”ng LÃ£o Nghiá»‡n Coca ğŸ˜² - TikTok Kiáº¿n KhÃ´ng Ngá»§ #Shorts,KIáº¾N KHÃ”NG NGá»¦ OFFICIAL,"['kiáº¿n', 'kiáº¿n khÃ´ng ngá»§', 'kien khong ngu', 'kiáº¿n khÃ´ng ngá»§ tiktok', 'tiktok kiáº¿n khÃ´ng ngá»§', 'tiktok', 'tik tok', 'kiáº¿n tiktok', 'kienkhongngu', 'giáº£i trÃ­', 'hÃ i hÆ°á»›c', 'táº¥u hÃ i', 'hÃ i tiktok', 'hÃ i ngáº¯n tiktok', 'táº¥u hÃ i tiktok', 'tiktok giáº£i trÃ­', 'tiktok hÃ i hÆ°á»›c', 'comedy', 'tiktok comedy', 'beatvn', 'beat', 'oppa huy idol', 'anh ba phai tv', 'tony tv', 'shorts', 'tiktok shorts', 'youtube shorts', 'khoa há»c', 'giáº£i thÃ­ch khoa há»c', 'tiktok khoa há»c', 'sá»± tháº­t', 'fun facts', 'tiktok sá»± tháº­t', 'sá»± tháº­t tiktok']",PT56S,2d,hd,false,True,{},rectangular,1212232,31168,0,278
uvtfzcPPo-I,2023-11-03T10:00:14Z,UCYFMCOJKeaqJxlFpvzBk1ig,24h Casting AÌ†n ChoÌ›i CaÌ†Ìm TraÌ£i CuÌ€ng ThaÌ€nh VieÌ‚n NuÌ›Ìƒ MoÌ›Ìi,LÃ¢m TV,"['lÃ¢m tv', 'lam tv', 'lÃ¢mtv', 'lamtv', 'lÃ¢m vlog', 'lamvlog', 'lam vlog', 'cáº¯m tráº¡i 24h', '24h cáº¯m tráº¡i', '24h Cáº¯m Tráº¡i', '24h Casting AÌ†n ChoÌ›i CaÌ†Ìm TraÌ£i CuÌ€ng ThaÌ€nh VieÌ‚n NuÌ›Ìƒ MoÌ›Ìi', '24h Casting', '24h Casting CuÌ€ng ThaÌ€nh VieÌ‚n NuÌ›Ìƒ MoÌ›Ìi', '24h Casting CuÌ€ng ThaÌ€nh VieÌ‚n NuÌ›Ìƒ', '24h Casting CuÌ€ng ThaÌ€nh VieÌ‚n MoÌ›Ìi', 'Casting ThaÌ€nh VieÌ‚n MoÌ›Ìi', 'CaÌ†Ìm TraÌ£i CuÌ€ng ThaÌ€nh VieÌ‚n NuÌ›Ìƒ', 'ThaÌ€nh VieÌ‚n NuÌ›Ìƒ', 'ThaÌ€nh VieÌ‚n MoÌ›Ìi', 'CaÌ†Ìm TraÌ£i CuÌ€ng ThaÌ€nh VieÌ‚n MoÌ›Ìi', '24h CaÌ†Ìm TraÌ£i CuÌ€ng ThaÌ€nh VieÌ‚n MoÌ›Ìi', '24h']",PT1H18M43S,2d,hd,false,True,{},rectangular,2938202,60304,0,10389
965Lv2AwODM,2023-11-05T12:35:27Z,UC4TqyXMCW0c08N7aRfqxq9A,"Cá»¥c Vá»£ Æ¡i, láº¥y anh nha!- BÃ i hÃ¡t Ä‘Ã³n cÃ´ dÃ¢u Puka á»Ÿ lá»… cÆ°á»›i biá»ƒn cá»§a chÃº rá»ƒ Gin Tuáº¥n Kiá»‡t [Official]",Gin Tuáº¥n Kiá»‡t,"['Gin Tuáº¥n Kiá»‡t', 'GinPu', 'GinPuWedding', 'Cá»¥c vá»£ Æ¡i láº¥y anh nha!', 'gin tuáº¥n kiá»‡t vÃ  puka', 'gin tuáº¥n kiá»‡t mv', 'puka gin tuáº¥n kiá»‡t', 'cá»¥c vá»£ Æ¡i láº¥y anh nha', 'Ä‘Ã¡m cÆ°á»›i puka', 'Ä‘Ã¡m cÆ°á»›i gin vÃ  pu', 'Ä‘Ã¡m cÆ°á»›i gin tuáº¥n kiá»‡t', 'gin tuáº¥n kiá»‡t hÃ¡t', 'gin tuáº¥n kiá»‡t puka', 'mv má»›i', 'mv gin tuáº¥n kiá»‡t puka', 'mv Ä‘Ã¡m cÆ°á»›i', 'Ä‘Ã¡m cÆ°á»›i puka gin tuáº¥n kiá»‡t', 'gin tuan kiet', 'cá»¥c vá»£ Æ¡i láº¥y anh nha gin tuáº¥n kiá»‡t']",PT5M18S,2d,hd,false,True,{},rectangular,1932725,36596,0,2393
MH4-qMeE074,2023-11-04T13:00:12Z,UCLJhGM46sgvfUpwXalN-tKg,NGÆ¯á»œI Æ I Äá»ªNG Bá» QUÃŠ (ST: SÆ N Háº ) - Há»’ VÄ‚N CÆ¯á»œNG | OFFICIAL 4K MUSIC VIDEO,Há»’ VÄ‚N CÆ¯á»œNG Official,"['NgÆ°á»i Æ i Äá»«ng Bá» QuÃª', 'ngÆ°á»i Æ¡i Ä‘á»«ng bá» vá» há»“ vÄƒn cÆ°á»ng', 'há»“ vÄƒn cÆ°á»ng', 'ho van cuong', 'há»“ vÄƒn cÆ°á»ng official', 'ngÆ°á»i Æ¡i Ä‘á»«ng bá» quÃª official mv', 'ngÆ°á»i Æ¡i Ä‘á»«ng bá» quÃª official music video', 'ngÆ°á»i Æ¡i Ä‘á»«ng bá» quÃª há»“ vÄƒn cÆ°á»ng mv', 'há»“ vÄƒn cÆ°á»ng ngÆ°á»i Æ¡i Ä‘á»«ng bá» quÃª', 'há»“ vÄƒn cÆ°á»ng ngÆ°á»i Æ¡i Ä‘á»«ng bá» quÃª karaoke', 'há»“ vÄƒn cÆ°á»ng karaoke', 'há»“ vÄƒn cÆ°á»ng nháº¡c miá»n tÃ¢y', 'official mv', 'official music video', 'há»“ vÄƒn cÆ°á»ng official mv', 'há»“ vÄƒn cÆ°á»ng mv má»›i nháº¥t', 'há»“ vÄƒn cÆ°á»ng má»›i nháº¥t']",PT5M50S,2d,hd,false,True,{},rectangular,1563944,21688,0,59628
AXoOrkcTz2A,2023-11-05T07:45:00Z,UCyNhkbys1EjIeRukSM79p0g,"Máº¹ hun Chill, máº¹ háº¿t thÆ°Æ¡ng bÃ© TÃ­n Nguyá»…n rá»“i #shorts #tinnguyen #betinnguyen  #dienvientinnguyen",TÃ­n Nguyá»…n Official,"['TÃ­n Nguyá»…n Official', 'tiktokertinnguyen', 'tÃ­n nguyá»…n', 'tiktoker tÃ­n nguyá»…n', 'diá»…n viÃªn tÃ­n nguyá»…n', '#tinnguyen', 'tÃ­n nguyá»…n official', 'tÃ­n nguyá»…n comedy', 'clip hÃ i tÃ­n nguyá»…n', 'tin_nguyen_9', 'dien vien tin nguyen', 'tin nguyen', 'Máº¹ hun Chill', 'máº¹ háº¿t thÆ°Æ¡ng bÃ© TÃ­n Nguyá»…n rá»“i #shorts #tinnguyen #betinnguyen', 'máº¹ háº¿t thÆ°Æ¡ng bÃ© TÃ­n Nguyá»…n', 'bÃ© tÃ­n nguyá»…n', 'bÃ© tÃ­n', 'bÃ© tÃ­n nguyá»…n vÃ  máº¹', 'be tin nguyen', 'triá»…n chill', 'bÃ© tÃ­n nguyá»…n vÃ  triá»…n chill', 'shorts', 'tÃ­n nguyá»…n shorts', 'bÃ© tÃ­n nguyá»…n shorts']",PT59S,2d,hd,false,True,{},rectangular,1835576,27307,0,84
birOo-STkWE,2023-10-30T10:00:33Z,UCuNfWyYw1Ws9yzev3k7N3Kg,MÃ¬nh Äá»©ng 12 Tiáº¿ng Dáº±n Máº·t BÃ  HÃ ng XÃ³m Má»¹ - NgÃ y Halloween ğŸƒğŸ‘» #nhabebap,NhÃ£ BÃ© Báº¯p,"['nhÃ£ bÃ© báº¯p', 'nha be bap', 'rubik bmt', 'rubikbmt', 'nhÃ£ bÃ© báº¯p vÃ  anh thÃ´ng', 'nhÃ£ bÃ© báº¯p vÃ  anh há»', 'báº¡n trai nhÃ£ bÃ© báº¯p', 'NHÃƒ BÃ‰ Báº®P', 'NhÃ£ BÃ© Báº¯p', 'nhÃ£ bÃ© báº¯p Ä‘i du há»c', 'du há»c má»¹', 'rubik', 'chÆ¡i rubik', 'hot tiktok', 'tiktoker', 'tik tok', 'hiha', 'tiktok', 'nhÃ  bÃ© báº¯p', 'bÃ© báº¯p', 'cÃ³ máº¹ lÃ  ngÆ°á»i viá»‡t nam', 'máº¹', 'series vá» máº¹', 'nhÃ£', 'bÃ©', 'báº¯p', 'nhÃ£ bÃ© báº¯p anh thÃ´ng', 'thÃ´ng rubik', 'nha be bap va anh thong', 'thong rubik', 'thong rubik bmt', 'nhÃ£ bÃ© báº¯p qua má»¹', 'máº¹ lÃ  ngÆ°á»i viá»‡t', 'sá»‘c vÄƒn hÃ³a', 'cuá»™c sá»‘ng á»Ÿ má»¹', 'sá»‘c vÄƒn hÃ³a má»¹']",PT1M,2d,hd,false,True,{},rectangular,6042265,144398,0,421
f2uI7oyhHDQ,2023-10-30T12:33:49Z,UC7E8Pnn_Dt9SVpVsE7LDnfw,Khi Báº¡n NghÃ¨o NhÆ°ng Váº«n Muá»‘n Láº¥p Äáº§y Tá»§ Láº¡nh Kiá»ƒu #shorts || Yáº¿n Ná»“i CÆ¡m Äiá»‡n,Yáº¿n Ná»“i CÆ¡m Äiá»‡n,"['khi báº¡n nghÃ¨o nhÆ°ng váº«n muá»‘n láº¥p Ä‘áº§y tá»§ láº¡nh kiá»ƒu yáº¿n ná»“i cÆ¡m Ä‘iá»‡n', 'khi tui coi phim tÃ¬nh cáº£m Æ°á»›t Ã¡t cÃ¹ng crush kiá»ƒu yáº¿n ná»“i cÆ¡m Ä‘iá»‡n', 'trÃ² chÆ¡i con má»±c phiÃªn báº£n trÃªn máº¡ng vÃ  thá»±c táº¿', 'khi báº¡n muá»‘n tá» tÃ¬nh nhÆ°ng láº¡i xem phim quÃ¡ 180 phÃºt kiá»ƒu yáº¿n ná»“i cÆ¡m Ä‘iá»‡n', 'ASMR 2 thá»­ thÃ¡ch 1 ngÃ y láº¥p Ä‘áº§y tá»§ láº¡nh quÃ¡ lÃ  mlem yáº¿n ná»“i cÆ¡m Ä‘iá»‡n', 'shorts', 'short', 'yáº¿n ná»“i cÆ¡m Ä‘iá»‡n', 'láº­p nguyÃªn x yáº¿n ná»“i cÆ¡m Ä‘iá»‡n', 'yen noi com dien', 'yáº¿n thÃ­ch review', 'láº­p nguyÃªn', 'yen thich review', 'lap nguyen x yen noi com dien']",PT27S,2d,hd,false,True,{},rectangular,5060344,109680,0,266
WejXfLIIxlM,2023-11-03T14:00:09Z,UC2Lgi2uPsOcCVF3imz7l2mg,"Ca SÄ© Máº·t Náº¡ MÃ¹a 2 - Táº­p 13: Loáº¡t bÃ i hÃ¡t má»›i trÃ¬nh lÃ ng, Ong BÃ¢y Bi káº¿t há»£p Erik láº¥y trá»n nÆ°á»›c máº¯t",Vie GIáº¢ITRÃ,"['vie giai tri', 'giai tri tv', 'vie channel', 'htv2', 'the masked singer vietnam', 'the masked singer viá»‡t nam', 'the masked singer', 'mask singer', 'king of mask singer vietnam', 'ca sÄ© máº·t náº¡', 'vocalist', 'vocal', 'ballad', 'the masked singer mÃ¹a 2', 'ca sÄ© máº·t náº¡ mÃ¹a 2', 'mascot', 'mascot ca sÄ© máº·t náº¡', 'tráº¥n thÃ nh', 'tÃ³c tiÃªn', 'bÃ­ch phÆ°Æ¡ng', 'ngÃ´ kiáº¿n huy', 'ca sÄ© máº·t náº¡ mÃ¹a 2 táº­p 13', 'táº­p 13 ca sÄ© máº·t náº¡', 'the masked singer táº­p 13', 'ca sÄ© máº·t náº¡ táº­p', 'ca sÄ© máº·t náº¡ full', 'the masked singer vietnam mÃ¹a 2', 'thÃ¹y chi', 'erik']",PT2H59M7S,2d,hd,true,True,{},rectangular,3381525,14730,0,4436
AAGD01NPxoY,2023-11-05T11:25:00Z,UCuYBJCZsGBgngbhH_byWggQ,Thá»­ thÃ¡ch Äƒn uá»‘ng theo yÃªu cáº§u icon - TÃ¹ng Mlem Official #food #foodchallenge #tiktok #shorts,TÃ¹ng Mlem Official,"['tÃ¹ng mlem official', 'tung mlem official', 'tÃ¹ng mlem', 'tung mlem', 'tÃ¹ng mlem Äƒn theo icon', 'tÃ¹ng mlem official Äƒn theo icon', 'tÃ¹ng mlem official lÃ m theo tiktok', 'tiktok tÃ¹ng mlem', 'Äƒn theo icon', 'Äƒn theo icon tiktok', 'thá»­ thÃ¡ch Äƒn theo icon', 'Äƒn uá»‘ng theo icon', 'thá»­ thÃ¡ch Äƒn uá»‘ng theo icon', 'Äƒn theo yÃªu cáº§u', 'Äƒn uá»‘ng theo yÃªu cáº§u', 'thá»­ thÃ¡ch Äƒn theo yÃªu cáº§u', 'thá»­ thÃ¡ch Äƒn uá»‘ng', 'thá»­ thÃ¡ch Äƒn uá»‘ng theo yÃªu cáº§u', 'Äƒn theo yÃªu cáº§u icon', 'Äƒn uá»‘ng theo yÃªu cáº§u icon', 'asmr', 'eating sound', 'eating asmr']",PT57S,2d,hd,false,True,{},rectangular,1663343,39657,0,891
dg_1mFFMDrY,2023-11-05T11:06:14Z,UCir4cu2u6q8vK7hOBNjpGEg,ÄÃº trend quÃ¡ dá»… vá»›i team Huy Khang #tkh0112 #shorts,Huy Khang,"['huy khang', 'huy khang tiktok', 'huy khang giang há»“', 'tkh0112', 'tkh 0112', 'tráº§n khang huy', 'video shorts', 'shorts tiktok', 'tiktok viá»‡t nam', 'huy khang vÃ  ngÆ°á»i yÃªu', 'tiktok huy khang', 'video short', 'shorts hÃ i hÆ°á»›c', 'Ä‘áº¡i ca khu huyá»‡n má»›i', 'giang há»“ khu chá»£ cÅ©', 'giang há»“ khu chá»£ má»›i', 'giang há»“ tiktok', 'Ä‘áº¡i ca tiktok', 'giang há»“ huy khang', 'ngÆ°á»i yÃªu huy khang', 'Ä‘u trend', 'team huy khang Ä‘u trend', 'quÃ¡ dá»… vá»›i team huy khang', 'huy khang cÃ¹ng Ä‘á»“ng bá»n']",PT17S,2d,hd,false,True,{},rectangular,2971660,63838,0,517
Yzfsf870WE8,2023-11-15T04:44:39Z,UCfwQLe-WkFENDWo6w4OC1ug,Vai trÃ² CÆ°á»ng â€œquáº¯tâ€ khi Ã´ng LÆ°u BÃ¬nh NhÆ°á»¡ng bá»‹ báº¯t | CafeLand,CAFELAND,"['cafeland', 'thá»‹ trÆ°á»ng báº¥t Ä‘á»™ng sáº£n', 'thi truong bat dong san', 'Ä‘áº§u tÆ° báº¥t Ä‘á»™ng sáº£n', 'dau tu bat dong san', 'báº¥t Ä‘á»™ng sáº£n', 'bat dong san', 'bÄ‘s', 'bds', 'Ã´ng lÆ°u bÃ¬nh nhÆ°á»¡ng', 'Ã´ng lÆ°u bÃ¬nh nhÆ°á»¡ng bá»‹ báº¯t', 'báº¯t Ã´ng lÆ°u bÃ¬nh nhÆ°á»¡ng', 'báº¯t táº¡m giam Ã´ng lÆ°u bÃ¬nh nhÆ°á»¡ng', 'Ä‘áº¡i biá»ƒu quá»‘c há»™i']",PT8M9S,2d,hd,false,True,{},rectangular,308209,2143,0,0
k8rvBrFY3kQ,2023-11-02T07:35:20Z,UC-B3lKAktiHyLwFv7TRq2xg,Dá»ªNG Láº I MÃ y cÃ²n thiáº¿u tao tiá»n mÃ  con kia | Khiáº¿t Äan #shorts #khietdan #dienvienkhietdan #comedy,Khiáº¿t Äan,"['Khiáº¿t Äan', 'Khiáº¿tÄan', 'khiáº¿tÄ‘an', 'khiet dan', 'khietdan', 'KHIáº¾T ÄAN', 'KHIET DAN', 'comedy', 'hÃ i hÆ°á»›c', 'diá»…n viÃªn khiáº¿t Ä‘an', 'Khiáº¿t Äan Comedy', 'tiktoker khiáº¿t Ä‘an', 'tiktok comedy', 'shorts', 'shorts khiáº¿t Ä‘an', 'khiáº¿t Ä‘an tiktok', '@dienvienkhietdan', 'Dá»ªNG Láº I MÃ y cÃ²n thiáº¿u tao tiá»n mÃ  con kia | Khiáº¿t Äan #shorts #khietdan #dienvienkhietdan #comedy', 'khiáº¿t Ä‘an comedy', 'tiá»…n báº¡n ra nÆ°á»›c ngoÃ i', 'khiáº¿t Ä‘an Ä‘Ã²i tiá»n gon pink', 'trend Ä‘uá»•i theo xe']",PT56S,2d,hd,false,True,{},rectangular,3574315,66094,0,427
iOfH4M8bUkA,2023-11-01T11:23:29Z,UCsYABc3KrwbYb3GHOqJ6wPA,Map lá»›n cÃ³ Máº¯t LÃ²i loğŸ’€ #garenafreefire #freefire,White Toxic,"['free fire', 'game free fire', 'free fire max', 'tik tok ff', 'highlight free fire', 'highlight free fire tá»­ chiáº¿n', 'ff', 'free fire highlight', 'highlight ff', 'ff highlight', 'highlight free fire one shot', 'highlight map lá»›n', 'highlight tá»­ chiáº¿n', 'leo rank ff', 'leo rank free fire', 'hÃ nh trÃ¬nh leo rank thÃ¡ch Ä‘áº¥u free fire', 'white toxic', 'white toxic free fire', 'top 1 free fire']",PT43S,2d,hd,false,True,{},rectangular,2120892,176625,0,223
ChEGeoFMX3w,2023-10-26T14:00:09Z,UCaJS_wpJbjS-bMQQff2gf2g,Thá»­ coi  Em GÃ¡i Sá»£ Con GÃ¬ #shorts #thÃ¨mbÃ²sÃ¡t,ThÃ¨m BÃ² SÃ¡t,"['thÃ¨m bÃ² sÃ¡t', 'tháº¿ giá»›i Ä‘á»™ng váº­t', 'them bo sat', 'thÃ¨m bÃ² sÃ¡t nuÃ´i ráº¯n', 'thÃ¨m bÃ² sÃ¡t ráº¯n', 'tháº¿ giá»›i bÃ² sÃ¡t', 'loÃ i bÃ² sÃ¡t', 'bÃ² sÃ¡t khá»•ng lá»“', 'bÃ² sÃ¡t', 'loÃ i lÆ°á»¡ng cÆ°', 'cÃ¡ch nuÃ´i ráº¯n', 'cÃ¡ch nuÃ´i bÃ² sÃ¡t', 'cÃ¡ch lÃ m chuá»“ng nuÃ´i bÃ² sÃ¡t', 'nuÃ´i bÃ² sÃ¡t']",PT56S,2d,hd,false,True,{},rectangular,8187130,186956,0,1390
o1KlL4j5O-w,2023-10-28T14:45:11Z,UCh_zF2FsiCflCPgYDudtcqg,CHá»Š Äáº¸P Äáº P GIÃ“ Ráº¼ SÃ“NG 2023 | Táº¬P 1: CHá»Š Äáº¸P â€œCÆ¯á» I GIÃ“â€ Tá»šI ÄÃ‚Y!,YEAH1 SHOW,"['yeah1 show', 'chá»‹ Ä‘áº¹p 2023', 'yeah1 show chá»‹ Ä‘áº¹p 2023', 'chi dep 2023', 'chá»‹ Ä‘áº¹p Ä‘áº¡p giÃ³ ráº½ sÃ³ng', 'chá»‹ Ä‘áº¹p Ä‘áº¡p giÃ³', 'Ä‘áº¡p giÃ³ 2023', 'Ä‘áº¡p giÃ³ ráº½ sÃ³ng', 'Ä‘áº¡p giÃ³ ráº½ sÃ³ng 2023', 'Ä‘áº¡p giÃ³ ráº½ sÃ³ng báº£n viá»‡t', 'chá»‹ Ä‘áº¹p Ä‘áº¡p giÃ³ ráº½ sÃ³ng 2023', 'chá»‹ Ä‘áº¹p', 'bÃ¬nh minh Ä‘áº§y náº¯ng', 'giÃ³ lÃªn rá»“i sÃ³ng lÃªn rá»“i', 'táº­p 1 chá»‹ Ä‘áº¹p', 'chá»‹ Ä‘áº¹p táº­p 1', 'Chá»‹ Äáº¹p Äáº¡p GiÃ³ Ráº½ SÃ³ng Táº­p 1', 'chá»‹ Ä‘áº¹p Ä‘áº¡p giÃ³ ráº½ sÃ³ng táº­p 1', 'táº­p 1 chá»‹ Ä‘áº¹p Ä‘áº¡p giÃ³ ráº½ sÃ³ng', 'diá»‡u nhi', 'lan ngá»c', 'lá»‡ quyÃªn', 'má»¹ linh', 'há»“ng nhung', 'huyá»n baby', 'diá»‡p lÃ¢m anh']",PT2H12M20S,2d,hd,false,True,{},rectangular,5042760,55119,0,10017
8-xSqozlj84,2023-11-08T22:37:48Z,UC4LvrpNXujjbGOS4RDvr41g,"HIGHLIGHTS: COPENHAGEN - MAN UNITED | THáºº Äá» TAI Háº I, Ká»ŠCH Báº¢N KHÃ”NG TÆ¯á»NG Äáº¾N PHÃšT CUá»I | UCL 23/24",FPT BÃ³ng ÄÃ¡,"['FPT BÃ³ng ÄÃ¡', 'fpt bong da', 'uefa champions league', 'uefa europa league', 'uefa europa conference league', 'uefa', 'champions league', 'europa league', 'europa conference league', 'champions league 23/24', 'europa league 22/23', 'conference league 23/24', 'highlights champions league', 'highlights europa league', 'highlights europa conference league', 'C1', 'C2', 'C3', 'MAN UNITED']",PT13M15S,2d,hd,false,True,{},rectangular,2297005,19112,0,4048
M334HwfF3_s,2023-11-03T10:00:17Z,UCuSkK03h80AhO4IkvaSWdow,#exlittlebeans bully me! #funnycats #funnyvideo,exlittlebeans,"['Cat', 'Pets', 'Funny Daily', 'Cooking', 'KungFu', 'Chef Cat', 'Super kitty', 'Super Kitty', 'KungFun', 'ã‚­ãƒ£ãƒƒãƒ„', 'ãƒ•ã‚¡ãƒ‹ãƒ¼', 'ãƒšãƒƒãƒˆ', 'Kucing', 'Lucu', 'ĞšĞ¾ÑˆĞºĞ°', 'Ğ¡Ğ¼ĞµÑˆĞ½Ñ‹Ğµ', 'con mÃ¨o', 'buá»“n cÆ°á»i', 'thÃº cÆ°ng', 'à¹à¸¡à¸§', 'à¸•à¸¥à¸', 'à¸ªà¸±à¸•à¸§à¹Œà¹€à¸¥à¸µà¹‰à¸¢à¸‡', 'exlittlebeans']",PT48S,2d,hd,false,True,{},rectangular,22956112,434416,0,743
aUHEGY0e8TU,2023-10-29T04:15:41Z,UCRR3vpGoVKF3q_vZI7mCfjQ,The GiRL survives on the island #camping #survival #bushcraft #outdoors #coffee,Marusya Outdoors,"['#camping', '#survival', '#bushcraft', '#outdoors']",PT27S,2d,hd,false,True,{},rectangular,179511064,3722013,0,14151
G1JLbxSp8Q8,2023-11-03T13:13:28Z,UC5wIXexTJS-sZp0ALjtkPkQ,SHORTS || PHáº¦N 1 : Láº¦N Äáº¦U LÃ€M THá»¬ TRá»¨NG OMURICE NHáº¬T Báº¢N,NguyÃªn HÃ­ Máº¯t To,"['nguyenhi', 'hin', 'hi.n', 'nguyen hi', 'review', 'xÃ m xÃ m', 'xamxam', 'trÃ² chuyá»‡n', 'tÃ¬m hiá»ƒu', 'khÃ¡m phÃ¡', 'cÃ³ thá»ƒ báº¡n chÆ°a biáº¿t', 'cháº¯c lÃ  báº¡n chÆ°a biáº¿t', 'náº¥u Äƒn', 'nguyÃªn hÃ­ máº¯t to', 'nguyehimatto', 'nguyen hi mat to', 'food', 'cook', 'cooking', 'hÆ°á»›ng dáº«n náº¥u Äƒn', 'tÃ´i nghÃ¨o báº¡n cÅ©ng tháº¿', 'tÃ´i thá»­ giÃ u báº¡n cÅ©ng tháº¿', 'tÃ´i nghá»‹ch báº¡n cÅ©ng tháº¿', 'tÃ´i bÃ¬nh thÆ°á»ng báº¡n cÅ©ng tháº¿', 'nguyÃªn hÃ­', 'nguyÃªn hÃ­ review', 'Ä‘a nghá»', 'Ä‘a nghá» seri', 'thá»­ lÃ m má»i nghá»', 'da nghe', 'da nghe seri', 'Ä‘a nghá» nguyÃªn hÃ­', 'Ä‘á»“ Äƒn ngon', 'Ä‘á»“ Äƒn ráº»']",PT1M,2d,hd,false,True,{},rectangular,1591334,56061,0,398
4JHZ-pSzAGA,2023-11-04T03:04:56Z,UCAGikSCgqbeIXCvoXixWovQ,Tan Hoang - CÃ¡i GiÃ¡ QuÃ¡ Äáº¯t Khi Campuchia Äá»ƒ Trung Quá»‘c VÃ o LÃ m Äáº·c Khu Kinh Táº¿ Gáº§n PhÃº Quá»‘c VN!,Khoa Pug,"['khoa pug', 'campuchia', 'sihanouville', 'Ä‘áº·c khu kinh táº¿', 'háº£i sáº£n campuchia', 'seafood cambodia']",PT1H6M52S,2d,hd,false,True,{},rectangular,2306234,40888,0,4451
WS2ZbOZI-xI,2023-11-04T09:00:31Z,UCPQ_0hRIRH4uz3OORNyBo8Q,The price you pay when bullying others || Ø§Ù„Ø«Ù…Ù† Ø§Ù„Ø°ÙŠ ØªØ¯ÙØ¹Ù‡ Ø¹Ù†Ø¯Ù…Ø§ ØªØªÙ†Ù…Ø± Ø¹Ù„Ù‰ Ø§Ù„Ø¢Ø®Ø±ÙŠÙ† #shorts,Small Family TV,"['shorts', '#shorts', 'trend tik tok', 'shorts video', 'tiktok', 'Crazy dance', 'trend tiktok', 'lt studio', 'lt', 'funny family', 'Funny Story', 'Funny Video', 'Small Family TV', 'The price you pay when bullying others', 'Ø§Ù„Ø«Ù…Ù† Ø§Ù„Ø°ÙŠ ØªØ¯ÙØ¹Ù‡ Ø¹Ù†Ø¯Ù…Ø§ ØªØªÙ†Ù…Ø± Ø¹Ù„Ù‰ Ø§Ù„Ø¢Ø®Ø±ÙŠÙ†']",PT55S,2d,hd,false,True,{},rectangular,4154778,,0,38
-aTw-3XAQFc,2023-11-01T09:30:01Z,UCN0ZqGH6bK0Q4rfbRkhPA-A,tá»« Tay Tráº¯ng Ä‘Ã´i báº¡n thÃ¢n  trá»Ÿ thÃ nh Doanh nhÃ¢n Tá»· ÄÃ´ - Review phim TrÃ² ChÆ¡i NghÃ¬n Tá»·,Vua Phim Review,"['review phim', 'review phim hay', 'tÃ³m táº¯t phim', 'phim hay', 'vua phim review', 'vua phim', 'tom tat phim', 'phim hay 2022', 'phim láº» hay', 'phim bá»™', 'phim láº»', 'phim má»›i', 'reviewfilm', 'Review phim Trillion Game', 'phim Trillion Game', 'Review phim TrÃ² ChÆ¡i NghÃ¬n Tá»·', 'phim TrÃ² ChÆ¡i NghÃ¬n Tá»·']",PT35M29S,2d,hd,false,True,{},rectangular,3462550,20339,0,495
rjTWSeRYtKI,2023-10-26T04:45:09Z,UCwn96A46mCiH1caoMhWfyBQ,Chuyá»‡n phÃ¡ tá»• ong,Äá»— Äáº¡t Official,"['Ä‘á»— Ä‘áº¡t', 'do dat', 'Ä‘á»— tiáº¿n Ä‘áº¡t', 'Ä‘á»— Ä‘áº¡t official', 'tik tok', 'tiktok', 'Ä‘á»— Ä‘áº¡t tiktok', 'do dat tiktok', 'tiktok Ä‘á»— Ä‘áº¡t', 'Ä‘áº¡t Ä‘á»—', 'hÃ i', 'hÃ i tiktok', 'tiktok hÃ i', 'hÃ i hÆ°á»›c', 'tiktok hÃ i hÆ°á»›c', 'giáº£i trÃ­', 'tiktok giáº£i trÃ­', 'hÃ i ngáº¯n', 'phim hÃ i', 'hÃ i ngáº¯n tiktok', 'phim hÃ i tiktok', 'hÃ i ngáº¯n hay nháº¥t', 'hÃ i ngáº¯n má»›i nháº¥t', 'chuyá»‡n hÃ i tik tok', 'hÃ i tá»•ng há»£p', 'shorts', 'báº¥t á»•n', 'cÃ¢u chuyá»‡n hÃ i hÆ°á»›c', 'chuyá»‡n phÃ¡ tá»• ong', 'phÃ¡ tá»• ong']",PT1M,2d,hd,false,True,{},rectangular,7357238,202065,0,626
IbmV8MzIXDo,2023-11-05T11:04:12Z,UChG2EWuXoW7Tgof35WjbsnQ,LNG vs T1 (BO5) | CKTG 2023 - Tá»¨ Káº¾T 4,Vietnam Championship Series - LMHT,"['LMHT', 'VCS', 'VCS LMHT', 'LiÃªn Minh Huyá»n Thoáº¡i', 'VCS LiÃªn Minh Huyá»n Thoáº¡i', 'giáº£i Ä‘áº¥u VCS', 'LoL', 'VCS LoL', 'Esports', 'LMHT Esports', 'VCS esports', 'giáº£i Ä‘áº¥u liÃªn minh huyá»n thoáº¡i', 'giáº£i Ä‘áº¥u liÃªn minh', 'giáº£i Ä‘áº¥u LoL', 'tuyá»ƒn thá»§ LiÃªn Minh Huyá»n Thoáº¡i', 'tuyá»ƒn thá»§ LoL', 'tuyá»ƒn thá»§ VCS']",PT3H47M52S,2d,hd,false,True,{},rectangular,2182033,21351,0,494
xUNJd3bYSF4,2023-11-04T05:00:24Z,UCsuR30z1rzuX3pEu22sDMqA,Báº¥t Lá»±c NhÃ¬n Con GÃ¡i Bá»‹ ÄÃ¡m QuÃ½ Tá»™c LÃ m Báº­y Cha GiÃ  Van Xin Bao CÃ´ng ÄÃ²i Láº¡i CÃ´ng Äáº¡o | Vua Phim,Vua Phim,"['bao cÃ´ng', 'bao cong', 'phim bao cÃ´ng', 'dÆ°Æ¡ng gia tÆ°á»›ng', 'tÃ¢n bao thanh thiÃªn', 'phim trung quá»‘c', 'trien chieu', 'phim hay', 'phim moi', 'phim cá»• trang', 'triá»ƒn chiÃªu', 'phim kiáº¿m hiá»‡p hay', 'ngÅ© nghÄ©a', 'phim kiem hiep', 'phim má»›i', 'bao thanh thiÃªn', 'phim kiáº¿m hiá»‡p', 'bao thanh thien', 'Bao chá»­ng', 'vua phim', 'cÃ´ng tÃ´n sÃ¡ch', 'phim trung quoc', 'phim', 'bao cÃ´ng hay nháº¥t', 'bao cÃ´ng xá»­ Ã¡n', 'phim cá»• trang trung quá»‘c', 'phim bá»™', 'bao cÃ´ng 1993', 'báº¥t lá»±c', 'con gÃ¡i', 'quÃ½ tá»™c', 'lÃ m báº­y', 'cha giÃ ', 'van xin', 'phÃ¡ Ã¡n']",PT2H10M17S,2d,hd,false,True,{},rectangular,864245,2574,0,147
xg9c87B2WhI,2023-10-31T03:00:10Z,UCJS9YotMKGn4cnvA-SHATng,NGHIá»†P BÃO ÃC NHÃ‚N Há»I Háº¬N QUAY Äáº¦U MUá»˜N MÃ€NG | PHIM VIá»†T NAM 2023 | PHIM TÃ‚M LÃ XÃƒ Há»˜I VIá»†T NAM HAY,Phim Bá»™ Viá»‡t Nam,"['phim viá»‡t nam', 'phim viet nam', 'phim viá»‡t nam hay', 'phim viá»‡t nam hay nháº¥t', 'phim viá»‡t nam hay nháº¥t 2023', 'phim viá»‡t nam 2023', 'phim viá»‡t nam 2023 má»›i nháº¥t', 'phim viá»‡t nam hay nháº¥t má»›i nháº¥t', 'phim viá»‡t nam má»›i nháº¥t 2023', 'phim viá»‡t nam má»›i nháº¥t', 'phim má»›i 2023', 'phim má»›i nháº¥t 2023', 'phim má»›i hay nháº¥t 2023', 'phim bá»™ viá»‡t nam', 'phim tÃ¢m lÃ½ xÃ£ há»™i viá»‡t nam', 'phim tÃ¢m lÃ½ xÃ£ há»™i viá»‡t nam hay nháº¥t', 'phim kiáº¿p chá»“ng chung', 'nghiá»‡p bÃ¡o Ã¡c nhÃ¢n', 'há»‘i háº­n quay Ä‘áº§u', 'nghiá»‡p bÃ¡o muá»™n mÃ ng', 'phim hay', 'thvl']",PT2H3M15S,2d,hd,false,True,{},rectangular,1785484,23088,0,373
qS2aoQLg7zE,2023-10-30T07:15:11Z,UCrj5BGAhtWxDfqbza9T9hqA,Ø¹Ø´Ø±Ø§Øª Ø§Ù„Ø´Ø¨Ø§Ù† ÙŠØ±Ø´Ù‚ÙˆÙ† Ø§Ù„Ù‚ÙˆØ§Øª Ø§Ù„Ø¥Ø³Ø±Ø§Ø¦ÙŠÙ„ÙŠØ© Ø¨Ø§Ù„Ø­Ø¬Ø§Ø±Ø© ÙÙŠ Ø±Ø§Ù… Ø§Ù„Ù„Ù‡,AlHadath Ø§Ù„Ø­Ø¯Ø«,"['Ø£Ø®Ø¨Ø§Ø± Ø§Ù„Ø­Ø¯Ø«', 'Ø£Ø±Ø¯ÙˆØºØ§Ù†', 'Ø£Ù…ÙŠØ±ÙƒØ§', 'Ø£ÙˆÙƒØ±Ø§Ù†ÙŠØ§', 'Ø¥Ø³Ø±Ø§Ø¦ÙŠÙ„', 'Ø¥ÙŠØ±Ø§Ù†', 'Ø§Ù„Ø£Ø±Ø¯Ù†', 'Ø§Ù„Ø¬Ø²Ø§Ø¦Ø±', 'Ø§Ù„Ø­Ø¯Ø«', 'Ø§Ù„Ø­Ø¯Ø« Ø¹Ø§Ø¬Ù„', 'Ø§Ù„Ø­ÙˆØ«ÙŠ', 'Ø§Ù„Ø®Ø±Ø·ÙˆÙ…', 'Ø§Ù„Ø±Ø¨Ø§Ø·', 'Ø§Ù„Ø³Ø¹ÙˆØ¯ÙŠØ©', 'Ø§Ù„Ø³ÙˆØ¯Ø§Ù†', 'Ø§Ù„Ø¹Ø±Ø§Ù‚', 'Ø§Ù„ÙƒØ§Ø¸Ù…ÙŠ', 'Ø§Ù„Ù…ØºØ±Ø¨', 'Ø§Ù„ÙŠÙ…Ù†', 'Ø¨Ø§ÙŠØ¯Ù†', 'Ø¨ØºØ¯Ø§Ø¯', 'ØªØ±ÙƒÙŠØ§', 'ØªØ±Ù…Ø¨', 'ØªÙˆÙ†Ø³', 'Ø­Ù…Ø§Ø³', 'Ø¯Ù…Ø´Ù‚', 'Ø±ÙˆØ³ÙŠØ§', 'Ø³ÙˆØ±ÙŠØ§', 'Ø·Ù‡Ø±Ø§Ù†', 'Ø·ÙˆÙØ§Ù† Ø§Ù„Ø£Ù‚ØµÙ‰', 'ØºØ²Ø©', 'ÙÙ„Ø³Ø·ÙŠÙ†', 'ÙÙŠØ±ÙˆØ³ ÙƒÙˆØ±ÙˆÙ†Ø§', 'Ù‚Ù†Ø§Ø© Ø§Ù„Ø­Ø¯Ø«', 'ÙƒÙˆØ±ÙˆÙ†Ø§', 'ÙƒÙŠÙŠÙ', 'Ù„Ù‚Ø§Ø­', 'Ù„Ù‚Ø§Ø­ ÙƒÙˆØ±ÙˆÙ†Ø§', 'Ù„ÙŠØ¨ÙŠØ§', 'Ù…ØµØ±', 'Ù…ÙˆØ³ÙƒÙˆ', 'Ù…ÙŠÙ„ÙŠØ´ÙŠØ§Øª Ø¥ÙŠØ±Ø§Ù†', 'Ù…ÙŠÙ„ÙŠØ´ÙŠØ§Øª Ø§Ù„Ø­ÙˆØ«ÙŠ', 'ÙˆØ§Ø´Ù†Ø·Ù†', 'Ø­Ø±Ø¨', 'Ø§Ø´ØªØ¨Ø§ÙƒØ§Øª', 'ØµÙˆØ§Ø±ÙŠØ® ØºØ²Ø©', 'Ø§Ù„Ù‚Ø¯Ø³', 'Ø¹Ø³Ù‚Ù„Ø§Ù†', 'Ù…Ø³ØªÙˆØ·Ù†Ø§Øª', 'ØºÙ„Ø§Ù ØºØ²Ø©', 'Ù‚Ø·Ø§Ø¹ ØºØ²Ø©', 'Ø·ÙˆÙØ§Ù† Ø§Ù„Ù‚Ø¯Ø³', 'Ù…Ø³ØªØ´ÙÙ‰ Ø§Ù„Ù…Ø¹Ù…Ø¯Ø§Ù†ÙŠ', 'Ù…Ø¬Ø²Ø±Ø© Ø§Ù„Ù…Ø¹Ù…Ø¯Ø§Ù†ÙŠ']",PT32S,2d,hd,false,True,{},rectangular,75437585,1399462,0,42553
8NZFC9x9Vps,2023-11-10T15:59:54Z,UCKgALVAg70mbC4SwhkyhvRw,[VN] KNOCKOUT STAGE - DAY 1 | FFWS 2023,Huyá»n Thoáº¡i Sinh Tá»“n - Free Fire Esports,"['garena free fire', 'huyen thoai sinh ton ff', 'huyá»n thoáº¡i sinh tá»“n free fire', 'free fire', 'ff Ä‘áº¥u giáº£i', 'garena free fire viá»‡t nam', 'ff', 'huyá»n thoáº¡i sinh tá»“n', 'giáº£i Ä‘áº¥u free fire', 'ff dau giai', 'htst', 'free fire Ä‘áº¥u giáº£i', 'FFSI', 'FFSI 2023', 'free fire live', 'free fire giáº£i Ä‘áº¥u', 'free fire highlight', 'trailer ffsi', 'P Esports', 'vÃ²ng báº£ng ffsi', 'free fire video', 'free fire event', 'free Fire live', 'live ffsi', 'FFWS2023Bangkok', 'OwntheGlory', 'Ma Gaming', 'PE', 'WAG', 'GOW', 'PE NERO', 'WAG THEGHOST', 'GOWDQUANG', 'RIKAKI']",PT4H37M11S,2d,hd,false,False,{},rectangular,384399,6569,0,111
-b8v8GlIYrw,2023-11-02T12:00:00Z,UC-eBGSovPQOgmK11tLj_4oA,C.á»œ B.áº .C| PHIM Cá»°C NGáº®N #phimcucngan,PHIM Cá»°C NGáº®N,"['phimcucngan', 'phim cá»±c ngáº¯n', 'phim cuc ngan', 'cutoi', 'cá»§ tá»i', 'cu toi', 'mepodcast', 'me podcast', 'metaverseentertainment', 'metaverse entertainment', 'trinhtham', 'trinh thÃ¡m', 'trinh tham', 'conan', 'kinhdi', 'kinh dá»‹', 'kinh di', 'metv', 'shorts']",PT49S,2d,hd,false,True,{},rectangular,2244489,72685,0,497
3gNuUcPg1fk,2023-10-19T13:00:11Z,UC0IpGYsi1KVorZ7QVCHfdag,BINZ - HIT ME UP (ft. NOMOVODKA) | OFFICIAL MV,Binz Da Poet,"['binz', 'binz official', 'dan le', 'Binz Da Poet', 'Spacespeakers', 'XuÃ¢n Äan', 'XuÃ¢n Ä‘an binz', 'XuÃ¢n Ä‘ang Ä‘áº¿n bÃªn em', 'Hit Me Up', 'Hit me up', 'Hit me up binz', 'Hit me up xuÃ¢n Ä‘an', 'Touliver', 'Hit me up touliver', 'Touliver binz', 'ChÃ¢u bÃ¹i', 'Binz chÃ¢u bÃ¹i', 'ChÃ¢u bÃ¹i binz', 'XuÃ¢n Ä‘an chÃ¢u bÃ¹i', 'ChÃ¢u bÃ¹i xuÃ¢n Ä‘an', 'ChÃ¢u bÃ¹i hit me up', 'Hit me up chÃ¢u bÃ¹i', 'Rap viá»‡t', 'Rap viá»‡t 2023', 'Hip hop 2023', 'Nháº¡c viá»‡t 2023', 'Touliver xuÃ¢n Ä‘an', 'Äan xinh in love', 'Karik', 'Andree', 'B ray', 'Mikelodic', 'Double2t', 'Obito', 'Mck', 'Äan lÃª']",PT5M37S,2d,hd,true,True,{},rectangular,20983794,293767,0,13911
y1JEtJqQXS4,2023-11-01T13:00:08Z,UCLa90xY6l4sEY1sC3tlwGGA,KARIK - MÆ¡Ì€i NgÆ°Æ¡Ì€i KÃªÌ TiÃªÌp (ft. Only C) | OFFICIAL MUSIC VIDEO,KARIK,"['KARIK - MÆ¡Ì€i NgÆ°Æ¡Ì€i KÃªÌ TiÃªÌp (ft. Only C) | OFFICIAL MUSIC VIDEO', 'KARIK - MÆ¡Ì€i NgÆ°Æ¡Ì€i KÃªÌ TiÃªÌp (ft. Only C)', 'mv mÆ¡Ì€i ngÆ°Æ¡Ì€i kÃªÌ tiÃªÌp', 'baÌ£n Ä‘Æ¡Ì€i karik', 'karik', 'only C', 'Karik MÆ¡Ì€i NgÆ°Æ¡Ì€i KÃªÌ TiÃªÌp', 'Only C MÆ¡Ì€i NgÆ°Æ¡Ì€i KÃªÌ TiÃªÌp', 'MÆ¡Ì€i ngÆ°Æ¡Ì€i kÃªÌ tiÃªÌp music video', 'music video mÆ¡Ì€i ngÆ°Æ¡Ì€i kÃªÌ tiÃªÌp', 'karik mÆ¡Ì€i ngÆ°Æ¡Ì€i kÃªÌ tiÃªÌp mv', 'mÆ¡Ì€i ngÆ°Æ¡Ì€i kÃªÌ tiÃªÌp reaction', 'mÆ¡Ì€i ngÆ°Æ¡Ì€i kÃªÌ tiÃªÌp lyric', 'mÆ¡Ì€i ngÆ°Æ¡Ì€i kÃªÌ tiÃªÌp remix', 'mÆ¡Ì€i ngÆ°Æ¡Ì€i kÃªÌ tiÃªÌp audio', 'baÌ£n Ä‘Æ¡Ì€i', 'karik only c']",PT3M36S,2d,hd,true,True,{},rectangular,2314645,54481,0,3061
s7WAHVWA_fI,2023-11-01T13:00:09Z,UCJSagsGX4aEwIejLp_9NkbA,CÃ¢u Tráº£ Lá»i LÃ  BuÃ´ng Tay - Nguyá»…n Tráº§n Trung QuÃ¢n ft Minh Su,Nguyá»…n Tráº§n Trung QuÃ¢n,"['nguyá»…n tráº§n trung quÃ¢n', 'nguyen tran trung quan', 'nguyá»…n tráº§n trung quÃ¢n mv', 'trung quÃ¢n', 'nguyá»…n tráº§n trung quÃ¢n cover', 'nguyá»…n tráº§n trung quÃ¢n live', 'trung quÃ¢n live', 'há»c trÃ² nguyá»…n tráº§n trung quÃ¢n', 'minh su', 'nguyá»…n tráº§n trung quÃ¢n minh su', 'nguyá»…n tráº§n trung quÃ¢n minh su live', 'trung quÃ¢n minh su', 'minh su há»c trÃ² nguyá»…n tráº§n trung quÃ¢n', 'nguyá»…n tráº§n trung quÃ¢n livestage', 'nttq', 'nguyá»…n tráº§n trung quÃ¢n cÃ¢u tráº£ lá»i lÃ  buÃ´ng tay', 'cÃ¢u tráº£ lá»i lÃ  buÃ´ng tay', 'cau tra loi la buong tay']",PT5M38S,2d,hd,false,True,{},rectangular,1410335,61455,0,12536
56olqe7Vy8Q,2023-10-31T13:02:34Z,UCHFquFKNrfsK8FGa_dbFuNw,Láº¡i thÃªm 1 nÄƒm lÃ m nhÃ¡p  #nhacche #minianti #parody #ViettelMoney,MiNi Anti Official,"['nháº¡c cháº¿', 'nhac che', 'mini anti', 'nháº¡c cháº¿ hay', 'nhac che hay', 'mini', 'anti', 'mini anti official', 'despacito', 'despacito cháº¿', 'parody', 'nhac che parody', 'nhac parody', 'anti mini', 'parody che', 'cat doi noi sau', 'cat doi noi sau cover', 'cáº¯t Ä‘Ã´i ná»—i sáº§u remix']",PT53S,2d,hd,false,True,{},rectangular,1910190,51893,0,154
w8jNJd0SXXE,2023-11-02T13:00:11Z,UC0IpGYsi1KVorZ7QVCHfdag,BINZ - MAKE ME FEEL (ft. TOULIVER) | OFFICIAL MV,Binz Da Poet,"['binz', 'binz official', 'dan le', 'Binz Da Poet', 'Spacespeakers', 'XuÃ¢n Äan', 'XuÃ¢n Ä‘an binz', 'Touliver', 'Touliver binz', 'ChÃ¢u bÃ¹i', 'Binz chÃ¢u bÃ¹i', 'ChÃ¢u bÃ¹i binz', 'XuÃ¢n Ä‘an chÃ¢u bÃ¹i', 'ChÃ¢u bÃ¹i xuÃ¢n Ä‘an', 'Rap viá»‡t', 'Touliver xuÃ¢n Ä‘an', 'Äan xinh in love', 'Äan lÃª', 'Make Me Feel', 'Make me feel', 'Make me feel binz', 'Make me feel xuÃ¢n Ä‘an', 'Make me feel touliver', 'Binz make me feel', 'XuÃ¢n Ä‘an make me feel', 'Touliver make me feel', 'Performance video', 'Live', 'Binz live', 'Touliver live', 'Live binz', 'Live touliver']",PT3M37S,2d,hd,true,True,{},rectangular,2091599,42397,0,1103
I8JGyalUKcU,2023-10-31T08:24:39Z,UCjoAIOyTWjGjP_Q-qw3jkhQ,ğŸ Snow White - Báº¡ch Tuyáº¿t nÃ y hÆ¡i cá»c #snowwhite #thienanofficial #thienan #funny #shorts,ThiÃªn An Official,"['thien an', 'thien an offcial', 'snow white', 'báº¡ch tuyáº¿t', 'trend tiktok', 'shorts']",PT33S,2d,hd,false,True,{},rectangular,2402250,50439,0,302
gTGn3RzPAzg,2023-10-22T13:40:12Z,UChGncdgzOKmp5XQTnQa2h4w,"2 NgÃ y 1 ÄÃªm - MÃ¹a 2 |Táº­p 35: HIEUTHUHAI ""bÃ¡o"" TrÆ°á»ng Giang, DÆ°Æ¡ng LÃ¢m ""tÃ©t mÃ´ng"" vá»›i Kiá»u Minh Tuáº¥n",2 NGÃ€Y 1 ÄÃŠM VIETNAM,"['Ä‘Ã´ng tÃ¢y promotion', 'tvshow', 'gameshow', '2 ngÃ y 1 Ä‘Ãªm', '2 ngay 1 dem', '2 ngÃ y 1 Ä‘Ãªm viá»‡t nam', '2 ngay 1 dem viet nam', '2 days 1 night', '2N1Ä', 'chÆ°Æ¡ng trÃ¬nh thá»±c táº¿ 2023', 'trÆ°á»ng giang', 'truong giang', 'kiá»u minh tuáº¥n', 'cris phan', 'dÆ°Æ¡ng lÃ¢m', 'lÃª dÆ°Æ¡ng báº£o lÃ¢m', 'ngÃ´ kiáº¿n huy', 'duong lam', 'HIEUTHUHAI', 'le duong bao lam', '2 ngÃ y 1 Ä‘Ãªm full', '2 ngÃ y 1 Ä‘Ãªm mÃ¹a 2', '2 ngay 1 dem mua 2', '2 ngÃ y 1 Ä‘Ãªm táº­p 35', '2 ngay 1 dem tap 35', 'táº­p 35 2 ngÃ y 1 Ä‘Ãªm', 'tap 35 2 ngay 1 dem', 'huy khÃ¡nh', 'Ä‘á»©c thá»‹nh']",PT1H47M27S,2d,hd,false,True,{},rectangular,9787561,87044,0,5775
IeDjWEULbb4,2023-10-31T13:18:27Z,UC6UrwtJjV4xPxxZo-ZEpQYA,W/n - id T41104 ft. (267) Official MV,W/n,"['W/n', 'w/n', 'wn', '267', 'id t41104', '3107', 'id072019', 'id', 'w n', 'id 3107', '07 2019', 't41104', 'id t4 1104', 'id t41104 w/n', 'w/n id t41104', 'id t41104 267', 'id t41104 mv', 'id t41104 karaoke', 'id t41104 lyrics', 'id t41104 cÃ³ lá»i', 'id t41104 piano', 'id 07 2019', '3107 5', '3107 w/n', 'w/n 3107', 'nháº¡c w/n', '267 w/n', 'w/n music']",PT3M48S,2d,hd,false,False,{},rectangular,1888920,58191,0,1688
UNo0TG9LwwI,2023-11-03T04:00:01Z,UC3IZKseVpdzPSBaWxBxundA,ì •êµ­ (Jung Kook) 'Standing Next to You' Official MV,HYBE LABELS,"['HYBE', 'HYBE LABELS', 'í•˜ì´ë¸Œ', 'í•˜ì´ë¸Œë ˆì´ë¸”ì¦ˆ', 'ì •êµ­', 'Jung Kook', 'ë°©íƒ„ ì •êµ­', 'BTS', 'ë°©íƒ„ì†Œë…„ë‹¨', 'BTS Jung Kook']",PT3M47S,2d,hd,true,True,{},rectangular,39415196,3171160,0,185049
mHakccq-GmQ,2023-10-30T12:00:12Z,UC4TqyXMCW0c08N7aRfqxq9A,GIN TUáº¤N KIá»†T x PUKA | Em NÃ y [Official MV],Gin Tuáº¥n Kiá»‡t,"['Gin Tuáº¥n Kiá»‡t', 'Em NÃ y', 'GinPu', 'Gin Tuan Kiet Puka', 'ÄÃ¡m cÆ°á»›i GÃ¬n Tuat Kiá»‡t Puka', 'GinPu Wedding', 'em nÃ y gin tuáº¥n kiá»‡t', 'em nay gin tuan kiet', 'mv gin tuáº¥n kiá»‡t', 'gin tuáº¥n kiá»‡t puka', 'mv gin tuáº¥n kiá»‡t puka', 'mv em nÃ y', 'em nay', 'em nay puka', 'em nÃ y puka', 'gin tuáº¥n kiá»‡t vÃ  puka', 'gin tuáº¥n kiá»‡t', 'gin tuan kiet', 'puka', 'mv Ä‘Ã¡m cÆ°á»›i', 'mv nháº¡c cÆ°á»›i', 'cáº·p Ä‘Ã´i gin tuáº¥n kiá»‡t vÃ  puka']",PT4M51S,2d,hd,false,True,{},rectangular,2304186,65414,0,3317
HFDoBL7FKsw,2023-10-30T11:45:01Z,UC2k3OPgIJWjp63Y2hrxdHHA,CÃ” ÄÆ N ÄÃƒ QUÃ BÃŒNH THÆ¯á»œNG - MIU LÃŠ | (Official MV) ft. OnlyC Pro.,Miu LÃª Official,"['miu lÃª', 'miu lÃª official', 'miu le', 'miu le official', 'miu lÃª mv', 'miu lÃª mv má»›i nháº¥t', 'ca si miu le', 'nháº¡c miu lÃª má»›i nháº¥t', 'cÃ´ Ä‘Æ¡n Ä‘Ã£ quÃ¡ bÃ¬nh thÆ°á»ng', 'cÃ´ Ä‘Æ¡n Ä‘Ã£ quÃ¡ bÃ¬nh thÆ°á»ng miu lÃª', 'cÃ´ Ä‘Æ¡n Ä‘Ã£ quÃ¡ bÃ¬nh thÆ°á»ng mv', 'mv cÃ´ Ä‘Æ¡n Ä‘Ã£ quÃ¡ bÃ¬nh thÆ°á»ng', 'cÃ´ Ä‘Æ¡n Ä‘Ã£ quÃ¡ bÃ¬nh thÆ°á»ng lyrics', 'co don da qua binh thuong', 'official music video', 'mv má»›i nháº¥t', 'mv má»›i', 'nháº¡c viá»‡t má»›i', 'cÃ´ Ä‘Æ¡n', 'co don', 'miule cÃ´ Ä‘Æ¡n Ä‘Ã£ quÃ¡ bÃ¬nh thÆ°á»ng', 'vpop má»›i nháº¥t', 'onlyc', 'only c', 'cáº£m giÃ¡c cÃ³ nhá»¯ng ná»—i Ä‘au']",PT4M58S,2d,hd,true,True,{},rectangular,3024255,37913,0,2326
r9wkkh4zTOw,2023-10-27T09:00:44Z,UCZRWf-SUOu4c8FSq2ezH-Zw,Cáº£nh SÃ¡t NÃ y Láº¡ Láº¯m||  Who Is The Real Criminal? #shorts,Bon Bon TV,"['bon bon tv', 'bon bon short', '#short', 'quÃ¡i Váº­t Äáº§u Loa', 'Love', 'Poor Boy', 'Bad Friends', 'prank balloons', 'prank', 'youtube short', 'tik tok vui nhá»™n', 'tik tok', 'Spider- man', 'siÃªu nhÃ¢n nhá»‡n', 'siÃªu nhÃ¢n', 'ngÆ°á»i nhá»‡n', 'Toilet Skibidi', 'Cameraman', 'Cameraman Vs Skibidi Toilet In Real Life', 'Skibidi Toilet In Real Life', 'In Real Life', 'Video TikTok hay nháº¥t', 'Video TikTok', 'TikTok hay nháº¥t', 'Cáº£nh SÃ¡t NÃ y Láº¡ Láº¯m', 'Who Is The Real Criminal?']",PT1M,2d,hd,false,True,{},rectangular,55886454,,0,852
K1Wc7uA91zo,2023-10-28T07:45:01Z,UC-B3lKAktiHyLwFv7TRq2xg,Miá»‡ng thÃ¬ há»©a CÃI CUá»I CÃ™NG | Khiáº¿t Äan #shorts #khietdan #comedy,Khiáº¿t Äan,"['Khiáº¿t Äan', 'Khiáº¿tÄan', 'khiáº¿tÄ‘an', 'khiet dan', 'khietdan', 'KHIáº¾T ÄAN', 'KHIET DAN', 'comedy', 'hÃ i hÆ°á»›c', 'diá»…n viÃªn khiáº¿t Ä‘an', 'Khiáº¿t Äan Comedy', 'tiktoker khiáº¿t Ä‘an', 'tiktok comedy', 'shorts', 'shorts khiáº¿t Ä‘an', 'khiáº¿t Ä‘an tiktok', '@dienvienkhietdan', 'Miá»‡ng thÃ¬ há»©a CÃI CUá»I CÃ™NG | Khiáº¿t Äan #shorts #khietdan #comedy', 'khiáº¿t Ä‘an comedy', 'Miá»‡ng thÃ¬ há»©a CÃI CUá»I CÃ™NG | Khiáº¿t Äan']",PT23S,2d,hd,false,True,{},rectangular,3377465,69547,0,499
ABDl__2MHk0,2023-11-06T08:59:06Z,UC475tLo6Mop8IYXgvdnJy8w,Cáº­u bÃ© IQ 300 cÃ³ kháº£ nÄƒng phÃ¡ Ã¡n siÃªu Ä‘á»‰nh - tÃ³m táº¯t phim Through The Darkness,Phim NgÃ´n TÃ¬nh Tv,"['review phim', 'review phim hay', 'tÃ³m táº¯t phim', 'phim hay', 'phim moi', 'vua phim má»›i', 'vua phim', 'review phim hÃ i', 'tom tat phim', 'review phim hÃ n', 'review anime', 'tÃ³m táº¯t anime', 'phim hÃ nh Ä‘á»™ng', 'phim hanh dong vo thuat', 'phim hay 2022', 'phim láº» hay', 'review phim má»›i', 'vua phim moi', 'vua phim review', 'phÃ¡ Ã¡n siÃªu Ä‘á»‰nh']",PT1H31M46S,2d,hd,false,True,{},rectangular,1796080,56640,0,239
gbD_zfI29EQ,2023-11-06T09:00:34Z,UC5fsYtWjjzy8D13cn4UKVMQ,"Gáº¥u Äá» TV - Thá»­ ThÃ¡ch Váº½ Titan Cameraman , Váº½ Naruto VÃ  Spider MAN Vs Venom",Gáº¥u Äá» TV  & Family,"['gáº¥u Ä‘á»', 'gáº¥u Ä‘á» tv', 'anh gáº¥u Ä‘á»', 'gáº¥u Ä‘á» thá»­ thÃ¡ch', 'gáº¥u Ä‘á» tivi', 'Gáº¥u Äá» TV Thá»­ ThÃ¡ch Váº½ Titan Cameraman', 'Váº½ Naruto', 'Spider MAN Vs Venom', 'Spider MAN', 'Venom', 'Gáº¥u Äá» TV Thá»­ ThÃ¡ch Váº½', 'Gáº¥u Äá» TV Thá»­ ThÃ¡ch Váº½ Titan', 'Titan Cameraman', 'Váº½ Titan Cameraman', 'naruto']",PT23M44S,2d,hd,false,True,{},rectangular,796282,3080,0,101
ms5uznuQpD8,2023-11-06T03:02:08Z,UCtVt72Xq0qMvRSfyDDiqHhw,A PÃ¡o anh chÃ ng Nghá»‡ An Ä‘Æ°á»£c lÃ²ng khÃ¡n giáº£ táº¡i SÃ n chiáº¿n giá»ng hÃ¡t #shorts #tap9  #apao,MEGA GS MUSIC,"['sÃ n chiáº¿n giá»ng hÃ¡t', 'san chien giong hat', 'báº¡ch cÃ´ng khanh', 'mega gs music', 'mega gs', 'sÃ n chiáº¿n', 'giong hat', 'san chien', 'mega gs entertainment', 'megags', 'megagsent', 'sÃ n chiáº¿n giá»ng hÃ¡t mÃ¹a 5', 'san chien giong hat mua 5', 'san chien giong hat mega gs', 'sÃ n chiáº¿n giá»ng hÃ¡t mega gs', 'bach cong khanh', 'há»“ng Ä‘Ã o', 'há»“ng vÃ¢n', 'lÃ½ hÃ¹ng', 'kim tá»­ long', 'quang hÃ ', 'san chien giong hat mua 5 mega gs', 'sÃ n chiáº¿n giá»ng hÃ¡t mÃ¹a 5 mega gs', 'mÃ¹a 5 sÃ n chiáº¿n giá»ng hÃ¡t', 'mua 5 sÃ n chien giá»ng hat']",PT59S,2d,hd,false,False,{},rectangular,1674823,22055,0,509
nyl4psMr3Ys,2023-10-28T10:00:13Z,UConnM5zwOP9vG_LPTYbRsAg,Thá»­ ThÃ¡ch Cáº¯m Tráº¡i Äáº¥u GiÃ¡ Vá»›i KhÃ¡ch Má»i - Táº­p 3: Cáº¯m Tráº¡i Theo Sá»‘ Äo 3 VÃ²ng | 0 SAO vs 9 SAO,LÃ¢m Vlog,"['LÃ¢m Vlog', 'Lam Vlog', 'lamvlog', 'LÃ¢m', 'LAM', 'CaÌ†Ìm TraÌ£i', 'ThuÌ›Ì‰ ThaÌch CaÌ†Ìm TraÌ£i Vá»›i KhÃ¡ch Má»i', 'ThuÌ›Ì‰ ThaÌch CaÌ†Ìm TraÌ£i', 'ThuÌ›Ì‰ ThaÌch', 'CaÌ†Ìm TraÌ£i Vá»›i KhÃ¡ch Má»i', 'Vá»›i KhÃ¡ch Má»i', 'Thá»­ ThÃ¡ch Cáº¯m Tráº¡i Äáº¥u GiÃ¡ Vá»›i KhÃ¡ch Má»i', 'Cáº¯m Tráº¡i Äáº¥u GiÃ¡', 'Äáº¥u GiÃ¡ Vá»›i KhÃ¡ch Má»i', 'Cáº¯m Tráº¡i Vá»›i KhÃ¡ch Má»i', 'Cáº¯m Tráº¡i Äáº¥u GiÃ¡ Vá»›i KhÃ¡ch Má»i Táº­p 3', 'Táº­p 3', 'Cáº¯m Tráº¡i Theo Sá»‘ Äo 3 VÃ²ng', '0 SAO vs 9 SAO', 'Cáº¯m Tráº¡i Äáº¥u GiÃ¡ Vá»›i KhÃ¡ch Má»i Theo Sá»‘ Äo 3 VÃ²ng', 'Cáº¯m Tráº¡i Äáº¥u GiÃ¡ Vá»›i KhÃ¡ch Má»i| 0 SAO vs 9 SAO', '0 SAO', '9 SAO']",PT1H9M34S,2d,hd,false,True,{},rectangular,3134230,69757,0,2238
Yh4mq8T58ys,2023-10-27T10:00:33Z,UCDt2sv8-Uw3ziTy2G7Bjktw,BÃ¡ch Khá»‰ - CÃ´ GÃ¡i May Máº¯n Nháº¥t KÃ¬ Thi | HÃ i Ngáº¯n Sáº½ Gáº§y 1,BÃ¡ch Khá»‰,"['bachkhineptue', 'bach khi', 'bach', 'ha quang bach', 'hat duong pho', 'bach khi neptue', 'public', 'funny']",PT1M,2d,hd,false,True,{},rectangular,3470601,78295,0,98
Jt4DgDncQ2g,2023-11-02T02:21:22Z,UCzgN9ZHWGlyk23LysJskf9Q,Äáº£o Giáº¥u VÃ ng P3.        #freefire #viettigervqc,Viá»‡t Tiger ï¼¶ï¼±ï¼£,"['viá»‡t tiger vqc', 'viá»‡t tiger', 'viettigervqc', '#viettigervqc', 'hoang em vlog', 'sá»± kiá»‡n free fire', 'highlight sonia', 'free fire reaction', 'highlight free fire', 'freefire highlight', 'huy hiá»‡u thiáº¿t káº¿ báº£n Ä‘á»“', 'cÃ¡ch cÃ y sá»± kiá»‡n free fire', 'ob42 new character free fire', 'cÃ¡ch leo rank free fire hiá»‡u quáº£', 'free fire', 'garena free fire', 'rikaki free fire', 'free fire live', 'tik tok free fire', 'free fire battlegrounds', 'free fire exe', 'free fire meme', 'game free fire', 'free fire Ä‘áº¡i chiáº¿n', 'free fire garena']",PT59S,2d,hd,false,True,{},rectangular,1811540,71892,0,60
s9Qp0QtLiC8,2023-11-03T04:00:27Z,UCAzZdEu3MjJ7kdJD-u2083Q,PhÆ°á»›c Lá»™c Gaming | Má»i ngÆ°á»i Æ¡i mÃ¬nh khÃ´ng cÃ²n lá»±a chá»n ná»¯a anh áº¥y tháº­t quÃ¡ Ä‘Ã¡ngğŸ˜­,PhÆ°á»›c Lá»™c Gaming,,PT1M,2d,hd,false,True,{},rectangular,1214584,122190,0,370
3i7Furq4UNs,2023-11-01T11:30:09Z,UCfDrdfgDyeF_h3Y8klV0e0w,á»¨a Lá»‡ - Vá»£ ÄÃ¡m CÆ°á»›i CÃ¹ng Anh HÃ ng XÃ³m Nghe Chá»“ng NÃ³i LÃ½ Do Khiáº¿n Triá»‡u NgÆ°á»i Pháº£i KhÃ³c,Há»“ng Ka vlogs,"['Há»“ng Ka vlogs', 'Há»“ng Ka', 'há»“ngka vlogs', 'há»“ng', 'ka vlogs', 'hkvlogs', 'thiá»‡n nguyá»‡n', 'vá»£ bá»', 'vá»£ theo trai', '3 cha con vá»£ bá»', 'máº¹ theo trai', 'á»¨a Lá»‡ - Vá»£ ÄÃ¡m CÆ°á»›i CÃ¹ng Anh HÃ ng XÃ³m Nghe Chá»“ng NÃ³i LÃ½ Do Khiáº¿n Triá»‡u NgÆ°á»i Pháº£i KhÃ³c']",PT51M23S,2d,hd,false,True,{},rectangular,848541,4908,0,1136
W2LweGRlbYs,2023-10-28T09:55:00Z,UCPhHBEtG6dVZ5fJKoNArcJw,ì´ëª¨í‹°ì½˜ ìˆœì„œëŒ€ë¡œ ë¨¹ê¸°,ìŠ¹ë¹„ë‹ˆ Seungbini,,PT33S,2d,hd,false,True,{},rectangular,44417693,1023571,0,8185
IkgAgbqF6g0,2023-10-29T12:00:20Z,UCZxUVZjMMx_xIjRuHyi4tUg,CÃ´ em gÃ¡i Ä‘Æ°a con tÃ´m mÃ  bá»‘ Ä‘Ã£ bÃ³c vá» cho chá»‹ gÃ¡i Äƒn #hÃ i#bá»‘#vui #Ä‘á»“ #video#cuá»™c #em #buá»“n #Ä‘á»©a #cha,DuDuâ€”em bÃ© dá»… thÆ°Æ¡ng,"['HÃ i hÆ°á»›c', 'em bÃ© dá»… thÆ°Æ¡ng', 'tiÃªu chuáº©n kÃ©p', 'con thá»© hai', 'em gÃ¡i', 'gia Ä‘Ã¬nh', 'háº¡nh phÃºc', 'ká»‹ch', 'gia Ä‘Ã¬nh vui nhá»™n', 'toot', 'em bÃ©']",PT27S,2d,hd,false,True,{},rectangular,2429875,34140,0,39
iQ1ST6QbfiA,2023-10-28T10:30:15Z,UCYd8eNMptkrGQs5F1JFHgMA,Ã Háº­u Diá»…m ChÃ¢u lÃªn tiáº¿ng vá» 5 Ä‘á»©a con: bÃ¡n bÃ¡nh trÃ¡ng trá»™n láº¥y tiá»n XIN GIá»NG #shorts,Báº N MUá»N Háº¸N HÃ’,"['ban muon hen ho', 'ban muon hen ho 2023', 'báº¡n muá»‘n háº¹n hÃ²', 'báº¡n muá»‘n háº¹n hÃ² 2023', 'báº¡n muá»‘n háº¹n hÃ² hÃ i hÆ°á»›c nháº¥t', 'báº¡n muá»‘n háº¹n hÃ² hay nháº¥t', 'báº¡n muá»‘n háº¹n hÃ² táº­p má»›i nháº¥t', 'báº¡n muá»‘n háº¹n hÃ² cÃ¡t tÆ°á»ng', 'mc quyá»n linh', 'báº¡n muá»‘n háº¹n hÃ² hay nháº¥t 2023', 'ban muon hen ho 2022', 'bmhh hay nháº¥t 2023', 'háº¹n hÃ² hay nháº¥t 2023', 'bmhh 2023', 'mc quyá»n linh báº¡n muá»‘n háº¹n hÃ²', 'Ã´ng mai quyá»n linh', 'mc quyá»n linh má»›i nháº¥t', 'genre:talkshow', 'source:entertainment', 'series:BMHH', 'topic:dating', 'type:broadcast', 'format:compilation']",PT1M,2d,hd,false,True,{},rectangular,2007633,16828,0,163
P-nx3tD10QM,2023-11-15T10:16:19Z,UC74CatIFgb1a1Ff3IUD_f4w,HoÃ ng HÃ´n | Khi Bá»‘ Máº¹ NgÆ°á»i YÃªu KhÃ´ng ThÃ­ch Wibu Kiá»ƒu #Shorts,HoÃ ng HÃ´n Official,"['hoÃ ng hÃ´n', 'hoang hon', 'hoÃ ng hÃ´n official', 'hoÃ ng hÃ´n tiktok', 'tá»•ng há»£p tiktok', 'tá»•ng há»£p tik tok triá»‡u view', 'táº¥u hÃ i', 'tiktok', 'best of tiktok', 'tiktok 2023', 'tik tok', 'tiktok trend', 'tiktok viá»‡t nam', 'trÃ o lÆ°u tik tok', 'tá»•ng há»£p clip hÃ i tik tok', 'clip hÃ i tik tok', 'clip hÃ i tiktok', 'hot tiktok', 'tá»•ng há»£p trend tiktok', 'tiktok nhiá»u view nháº¥t', 'shorts', 'comedy', 'funny', 'trend tiktok', 'wibu', 'ngÆ°á»i yÃªu lÃ  wibu', 'khi bá»‘ máº¹ ngÆ°á»i yÃªu pháº£n Ä‘á»‘i', 'khi bá»‘ máº¹ ngÆ°á»i yÃªu khÃ´ng thÃ­ch báº¡n']",PT59S,2d,hd,false,True,{},rectangular,944535,26686,0,171
saSWUDuEAt0,2023-10-28T12:00:48Z,UC2BEmluQX1foBrR3oLMiB_g,Skibidi Toilets Mood COMPLETE EDITION #shorts #animation #memes,Skinny Pale,"['shorts', 'memes', 'trending', 'skinnypale', 'garten of banban', 'banban', 'opila bird', 'jumbojosh', 'banbaleena', 'captain', 'fiddles', 'stinger', 'flynn', 'nabnab', 'rainbow', 'friends', 'amandatheadventurer #skibidi']",PT13S,2d,hd,false,True,{},rectangular,21421169,695351,0,912
IpOovAHH4zc,2023-11-03T04:00:18Z,UC8ahGDcou5XFUEVf4ID69vQ,KÄ© NÄƒng Má»Ÿ KhoÃ¡ Trong 10s #shorts,Äá» Cá»,"['Táº­p Má»Ÿ á»” KhoÃ¡ Sá»‘', 'Ä‘á» cá»', 'dici_05', 'Ä‘á» cá» 45', '@dici_05', 'cá» Ä‘á»', 'dici', 'má»Ÿ khÃ³a', 'mÃ³n Ä‘á»“ chÆ¡i ká»³ láº¡ cá»§a tÃ´i', 'mÃ³n Ä‘á»“ chÆ¡i ká»³ láº¡', 'má»Ÿ khÃ³a ká»¹ nÄƒng', 'má»Ÿ khÃ³a 20 ká»¹ nÄƒng trong 10 ngÃ y', 'má»Ÿ khÃ³a 20 ká»¹ nÄƒng', 'mo khoa ky nang', 'mo khoa 20 ky nang', 'xu hÆ°á»›ng', 'cÃ¡ch lÃªn xu hÆ°á»›ng', 'xu huong', 'cÃ¡ch lÃ m video xu hÆ°á»›ng', 'thay Ä‘á»•i báº£n thÃ¢n', '30 ngÃ y thay Ä‘á»•i báº£n thÃ¢n', 'MÃ³n Ä‚n KÃ¬ Láº¡', 'Thá»­ ThÃ¡ch Ra á» RiÃªng', 'Thá»­ ThÃ¡ch Kiáº¿m Báº¡n á» Äáº¡i Há»c']",PT40S,2d,hd,false,True,{},rectangular,1102889,47805,0,383
-nMkmRHND90,2023-10-24T10:00:00Z,UCbTAemQCm6Rud3HD0k30Qow,Theo dÃµi Ä‘á»ƒ xem nhiá»u clip nháº£y mÃºa nhÃ©#minhx #dáº¡y #nháº£y #lecirque,Minhx Entertainment,"['minhx', 'nháº£y tiktok', 'nháº£y trend tiktok', 'nháº£y tiktok trend', 'minhx entertainment', 'nháº£y hiá»‡n Ä‘áº¡i', 'dancing with minhx', 'táº­p nháº£y Ä‘Æ¡n giáº£n', 'táº­p nháº£y', 'dance', 'dancing', 'dáº¡y nháº£y', 'dáº¡y nháº£y Ä‘Æ¡n giáº£n', 'dáº¡y nháº£y tiktok', 'nháº£y tiktok 2023', 'minhx tiktok', 'tiktok minhx', 'tiktok dance', 'tiktok', 'hÆ°á»›ng dáº«n nháº£y tiktok', 'tiktok dance 2023', 'nháº£y trend tiktok má»›i nháº¥t', 'nháº£y trend tiktok 2023', 'nháº£y trend tiktok Ä‘Æ°á»ng phá»‘', 'kids dance', 'há»c nháº£y tiktok', 'há»c nháº£y tiktok cÆ¡ báº£n', 'dance tiktok', 'dance shorts']",PT1M,2d,hd,false,True,{},rectangular,5730018,98571,0,748
fyBWgSsIIIk,2023-10-22T03:00:14Z,UCvx0yETx4Mg0Si_YifV3-2g,"Anh chá»‹ em Æ¡i, káº¹o dáº»o mÃ u cÃ³ Äƒn Ä‘Æ°á»£c khÃ´ng?| Cuá»™c sá»‘ng gia Ä‘Ã¬nh| Tiktok| Gia ÄÃ¬nh Vui Nhá»™n",Anh chá»‹ em vui váº»,['buá»“n cÆ°á»i gia Ä‘Ã¬nh chuyá»‡n gia Ä‘Ã¬nh tÃ´i cá»‘t truyá»‡n hÃ i hÆ°á»›c video vui nhá»™n cuá»™c sá»‘ng gia Ä‘Ã¬nh'],PT49S,2d,hd,false,True,{},rectangular,7315068,105046,0,747
80rANQfMHRg,2023-10-23T10:52:48Z,UCD7jwWWYc8OsLBi_q64DTnA,"Would you guess correctly, who is smarter of the 3?",MAVF TV,,PT25S,2d,hd,false,True,{},rectangular,30482096,368634,0,293
5ew9oep48OQ,2023-10-29T11:55:54Z,UCxE_qxE-rBRn2mePLwJulIw,Messi phiÃªn báº£n nhÃ­ lÃ  Ä‘Ã¢y Ä‘i bÃ³ng quÃ¡ Ä‘á»‰nh,Äá»— Kim PhÃºc BÃ³ng ÄÃ¡ TV,,PT30S,2d,hd,false,True,{},rectangular,2385714,38445,0,106
M06dI7rrKHg,2023-11-01T00:02:51Z,UCvjOPaJZjDkgSkXsfAchSwQ,"""Lá»… CÆ°á»›i"" #chany #chang0000",Tráº§n Thá»‹ Thu Trang,,PT43S,2d,hd,false,True,{},rectangular,1683103,53220,0,269
I9DgwS45cWg,2023-10-31T13:00:11Z,UC89u8T2JjgjAo1G37dXLLWw,PHIM CA NHáº C CÃI XÃC KHÃ”NG Há»’N PHáº¦N 3 | FULL 4K | LÃ‚M CHáº¤N KHANG - KIM JUN SEE,KhangProFilm,"['LÃ¢m cháº¥n khang', 'lam chan khang', 'khang pro', 'khangprofilm', 'lÃ¢m cháº¥n khang phim', 'lÃ¢m cháº¥n khang phim ca nháº¡c', 'phim lam chan khang', 'lam chan khang mv', 'mv ca nhac lam chan khang', 'Trailer CÃ¡i XÃ¡c KhÃ´ng Há»“n Pháº§n 2', 'CÃ¡i XÃ¡c KhÃ´ng Há»“n', 'CÃ¡i XÃ¡c KhÃ´ng Há»“n Pháº§n 2', 'cai xac khong hon', 'cai xac khong hon lam chan khang', 'phim moi lam chan khang', 'cai xac khong hon trailer', 'Phim ca nhac', 'phim ca nhac cai xac khong hon', 'Phim Ca Nháº¡c LÃ¢m Cháº¥n Khang', 'full 4k', 'cai xac khong hon full 4k']",PT47M5S,2d,hd,false,True,{},rectangular,1373940,38654,0,1989
CyAQqTscV0A,2023-10-28T16:53:26Z,UCiWyQp2HgKX2-WQUq11V8FA,"BARCELONA - REAL MADRID | ""Cáº¬U BE"" Rá»°C SÃNG, REAL CA KHÃšC KHáº¢I HOÃ€N  | LALIGA EA SPORTS 23/24",SCTV Thá»ƒ Thao Official,"['SCTV', 'sctv', 'sctv thá»ƒ thao', 'ssport', 'sctv17', 'sctv15', 'thá»ƒ thao', 'bÃ³ng Ä‘Ã¡', 'sá»± kiá»‡n thá»ƒ thao', 'laliga santander', 'highlight bÃ³ng Ä‘Ã¡', 'laliga', 'BARCELONA', 'REAL MADRID', 'BARCELONA - REAL MADRID', 'Cáº¬U BE', 'Rá»°C', 'SÃNG', 'REAL CA KHÃšC KHáº¢I HOÃ€N', 'LALIGA EA SPORTS 23/24']",PT10M20S,2d,hd,false,True,{},rectangular,1579255,12990,0,1269
62rg4Gf1Ooo,2023-10-27T13:04:10Z,UCAhfSPCb_HzvHSI54YCZ6GA,Wxrdie - NHáº C TRAP CÄ‚NG NHáº¤T 2023 (ft. 24k.Right & JasonDilla) | OFFICIAL MUSIC VIDEO,Wxrdie,"['wxrdie', 'nháº¡c wxrdie', 'tlinh wxrdie', 'wxrdie rapper', 'wxrdie ft tlinh', 'nhac wxrdie', 'wrxdie', 'chÃª há»™ wxrdie', 'wxrdie live', '420ent', 'nháº¡c trap cÄƒng nháº¥t', 'nhac trap cang nhat wxrdie', 'wxrdie nhac trap cang nhat', 'wxrdie nháº¡c trap cÄƒng nháº¥t', 'right', 'nháº¡c trap 2023', 'rap viá»‡t mÃ¹a 3', 'vinflow', 'sturdy', 'nÃ©p vÃ o sÃ¡t vÃ o', '2k3 giÃ  rá»“i', '2k3 2k5', 'jasondilla', '24k right', '24k right rap viet', 'rap viá»‡t', 'hiphop', 'hyperfocus', 'wxrdie king of rap']",PT3M40S,2d,hd,true,True,{},rectangular,1745259,32487,0,1705
4o9G0gxSWbA,2023-11-02T15:30:11Z,UCsluIbpgt14y6KUcwqCxXbg,"Sá» PHáº¬N NGHIá»†T NGÃƒ cá»§a CÃ² sau Äáº¥t PhÆ°Æ¡ng Nam, NHá»œ máº¹ nuÃ´i Vá»°C Dáº¬Y sau 20 nÄƒm máº¥t liÃªn láº¡c |GCTN #188",MCVMedia,"['mcvmedia', 'báº¡n muá»‘n háº¹n hÃ²', 'ban muon hen ho 2022', 'love house', 'vá»£ chá»“ng son', 'ghÃ©p Ä‘Ã´i tháº§n tá»‘c', 'genre:talkshow', 'source:entertainment', 'series:GCTN', 'type:broadcast', 'format:full episode', 'gÃµ cá»­a thÄƒm nhÃ  188', 'go cua tham nha 188', 'gÃµ cá»­a thÄƒm nhÃ  táº­p 188', 'go cua tham nha tap 188', 'gÃµ cá»­a thÄƒm nhÃ  #188', 'go cua tham nha #188', 'phÃ¹ng ngá»c Ä‘áº¥t phÆ°Æ¡ng nam', 'phung ngoc dat phuong nam', 'tháº±ng cÃ²', 'cÃ² trong Ä‘áº¥t phÆ°Æ¡ng nam', 'sá»‘ pháº­n nghiá»‡t ngÃ£', 'máº¹ nuÃ´i', 'phÃ¹ng ngá»c giá» ra sao', 'Ä‘áº¥t phÆ°Æ¡ng nam']",PT31M44S,2d,hd,false,True,{},rectangular,704610,8365,0,1209
7Z3ycp8Xc08,2023-10-30T09:00:04Z,UC7XYZvX1jEKdLsq_bZs2gjQ,#shorts PHá»T TO !!! MÃ y khÃ´ng cÆ°á»›i thÃ¬ Ä‘á»ƒ bá»‘ cÆ°á»›i. Pháº§n 9,Phá»ng Váº¥n Dáº¡o,"['OTAnetwork', 'OTAGaming', 'OTAmcn', 'phim ngáº¯n', 'phá»‘t', 'phá»‘t to', 'ngoáº¡i tÃ¬nh', 'vá»£ chá»“ng', 'shorts', 'short']",PT30S,2d,hd,false,True,{},rectangular,827904,3894,0,66
qlOyomFZBh4,2023-10-22T13:20:30Z,UCTAacyv5T4cSus1W4D6eBfA,SÃ¼per â¤ï¸ Sibling Love ğŸ¤•âœ…ğŸ¥ #shorts,Koray Zeynep,,PT1M,2d,hd,false,True,{},rectangular,119914455,2833978,0,
U12Q2U-OxUg,2023-10-25T11:01:03Z,UCKkYlIkbgikL76LrddIM98w,CÃ“ DUYÃŠN KHÃ”NG Ná»¢ RUMBA - TINA HO COVER x NB3 HOÃ€I Báº¢O | Má»™t ngÆ°á»i Ä‘á»©ng tá»« xa chá» em vá»...,Tina Ho Official,"['co duyen khong no', 'cÃ³ duyÃªn khÃ´ng ná»£', 'tina ho co duyen khong no', 'tina ho co duyen khong', 'co duyen khong no rumba', 'cÃ³ duyÃªn khÃ´ng ná»£ rumba', 'rumba co duyen khong no', 'rumba cÃ³ duyÃªn khÃ´ng ná»£', 'tina ho', 'tina há»“']",PT4M3S,2d,hd,false,True,{},rectangular,2600240,19127,0,1181
l4IqklztAck,2023-10-27T17:25:07Z,UCA_23dkEYToAc37hjSsCnXA,MixiVLOG#26: 4 ngÃ y á»Ÿ Sydney vÃ  chÆ°Æ¡ng trÃ¬nh mini Offline bá»™ tá»™c mixigaming táº¡i Ãšc bÃ¹ng ná»•.,MixiGaming,"['Mixigaming', 'Mixi', 'Äá»™ TÃ y', 'Streamer Mixigaming', 'Funny', 'Mixigaming Funny Stream', 'Funny Stream', 'Streamer Viá»‡t Nam', 'Stream Viá»‡t Nam', 'Stream Viá»‡t', 'PUBG', ""Player Unknown's Battle Ground VN"", 'PUBG VN', 'CSGO', 'CSGO VN']",PT1H36M23S,2d,hd,false,True,{},rectangular,2613120,68350,0,3396
waaPDHJysI8,2023-11-15T03:30:20Z,UCIW9cGgoRuGJnky3K3tbzNg,Ã”ng LÆ°u BÃ¬nh NhÆ°á»¡ng bá»‹ báº¯t,BÃ¡o Thanh NiÃªn,"['bÃ¡o thanh niÃªn', 'tin tá»©c', 'tin Viá»‡t Nam', 'thá»i sá»±', 'bÃ¡o thanh niÃªn hÃ´m nay', 'bÃ¡o thanh niÃªn má»›i nháº¥t', 'LÆ°u BÃ¬nh NhÆ°á»¡ng', 'báº¯t Ã´ng LÆ°u BÃ¬nh NhÆ°á»¡ng', 'LÆ°u BÃ¬nh NhÆ°á»¡ng bá»‹ báº¯t', 'báº¯t LÆ°u BÃ¬nh NhÆ°á»¡ng', 'LÆ°u BÃ¬nh NhÆ°á»¡ng lÃ  ai', 'vÃ¬ sao LÆ°u BÃ¬nh NhÆ°á»¡ng Bá»‹ Báº¯t', 'PhÃ³ trÆ°á»Ÿng ban dÃ¢n nguyá»‡n Quá»‘c há»™i', 'Ä‘áº¡i biá»ƒu quá»‘c há»™i bá»‹ báº¯t', 'tin tá»©c ThÃ¡i BÃ¬nh', 'CÃ´ng an ThÃ¡i BÃ¬nh']",PT1M53S,2d,hd,false,True,{},rectangular,501989,2933,0,1
w5UbuyEi1C4,2023-10-29T14:00:11Z,UCkTDUvYWhPaanCn43GA-SCg,"Cuá»‘i Tuáº§n Tuyá»‡t Vá»i |Táº­p 1: TRÆ¯á»œNG GIANG Äƒn hiáº¿p khiáº¿n Äá»¨C PHÃšC hÃ£i hÃ¹ng, DIá»†U NHI hÃ¡t LIVE quÃ¡ Äá»ˆNH",ALO Media Entertainment,"['cuá»‘i tuáº§n tuyá»‡t vá»i', 'cuoi tuan tuyet voi', 'amazing saturday', 'amazing saturday Ä‘á»©c phÃºc', 'cuá»‘i tuáº§n tuyá»‡t vá»i trÆ°á»ng giang', 'cuá»‘i tuáº§n tuyá»‡t vá»i Ä‘á»©c phÃºc', 'trÆ°á»ng giang', 'Ä‘á»©c phÃºc', 'trÆ°á»ng giang cuá»‘i tuáº§n tuyá»‡t vá»i', 'alo media entertainment', 'amazing saturday vietnam', 'cuá»‘i tuáº§n tuyá»‡t vá»i tiáº¿n luáº­t', 'quang trung cuá»‘i tuáº§n tuyá»‡t vá»i', 'jun pháº¡m cuá»‘i tuáº§n tuyá»‡t vá»i', 'diá»‡u nhi hÃ¡t', 'diá»‡u nhi hÃ¡t live', 'trÆ°á»ng giang Äƒn hiáº¿p Ä‘á»©c phÃºc', 'link lee', 'duy khÃ¡nh', 'chá»‹ Ä‘áº¹p link lee', 'chá»‹ Ä‘áº¹p diá»‡u nhi']",PT1H13M57S,2d,hd,false,True,{},rectangular,1477534,24630,0,1180
24CmimewGA8,2023-10-19T02:15:00Z,UCPQ_0hRIRH4uz3OORNyBo8Q,TÃ´i NhÆ°á»ng Báº¡n Táº¥t ğŸ¤£ I Give You Everything  #shorts,Small Family TV,"['shorts', '#shorts', 'trend tik tok', 'shorts video', 'tiktok', 'Crazy dance', 'trend tiktok', 'lt studio', 'lt', 'funny family', 'Funny Story', 'Funny Video', 'Small Family TV', 'TÃ´i NhÆ°á»ng Báº¡n Táº¥t', 'I Give You Everything']",PT55S,2d,hd,false,True,{},rectangular,8912923,,0,239
